{
  "timestamp": "2025-04-01T14:11:00.795976",
  "status": "UP",
  "uptime": 5353,
  "cpu": {
    "percent": 9.1,
    "cores": 24,
    "per_core": [
      2.8,
      1.2,
      1.4,
      15.6,
      19.4,
      5.7,
      1.3,
      2.0,
      13.9,
      4.8,
      1.3,
      20.2,
      1.9,
      0.9,
      1.0,
      24.8,
      24.0,
      3.7,
      0.8,
      1.2,
      11.8,
      3.0,
      0.8,
      54.2
    ],
    "temperature": null,
    "load_avg": {
      "1min": 4.94873046875,
      "5min": 5.03466796875,
      "15min": 5.37158203125
    }
  },
  "memory": {
    "total": 30.53,
    "available": 13.42,
    "percent": 56.0,
    "swap_used": 13.74,
    "swap_total": 30.51
  },
  "disk": {
    "total": 91.11,
    "free": 38.28,
    "percent": 55.7,
    "io_counters": {
      "read_bytes": 177800751616,
      "write_bytes": 41365050368
    }
  },
  "network": {
    "bytes_sent": 188622947,
    "bytes_recv": 57949843,
    "packets_sent": 334940,
    "packets_recv": 258300,
    "interfaces": {
      "lo": "127.0.0.1",
      "enp14s0": "192.168.29.69",
      "tailscale0": "100.109.201.94"
    }
  }
}