{
  "timestamp": "2025-04-01T13:58:42.054393",
  "status": "UP",
  "uptime": 4615,
  "cpu": {
    "percent": 9.4,
    "cores": 24,
    "per_core": [
      2.7,
      0.8,
      1.3,
      27.7,
      21.1,
      5.7,
      1.4,
      1.9,
      14.0,
      5.0,
      1.3,
      25.6,
      2.0,
      0.9,
      0.9,
      15.3,
      25.6,
      4.7,
      1.0,
      1.1,
      11.2,
      2.7,
      1.0,
      42.8
    ],
    "temperature": null,
    "load_avg": {
      "1min": 3.71435546875,
      "5min": 4.6162109375,
      "15min": 5.64892578125
    }
  },
  "memory": {
    "total": 30.53,
    "available": 8.43,
    "percent": 72.4,
    "swap_used": 9.34,
    "swap_total": 30.51
  },
  "disk": {
    "total": 91.11,
    "free": 38.28,
    "percent": 55.7,
    "io_counters": {
      "read_bytes": 172417587712,
      "write_bytes": 34592802304
    }
  },
  "network": {
    "bytes_sent": 149601546,
    "bytes_recv": 50648760,
    "packets_sent": 275478,
    "packets_recv": 215867,
    "interfaces": {
      "lo": "127.0.0.1",
      "enp14s0": "192.168.29.69",
      "tailscale0": "100.109.201.94"
    }
  }
}