{
  "timestamp": "2025-04-01T13:41:06.369761",
  "status": "UP",
  "uptime": 3559,
  "cpu": {
    "percent": 9.1,
    "cores": 24,
    "per_core": [
      3.0,
      0.9,
      1.4,
      18.7,
      17.1,
      5.9,
      1.2,
      1.9,
      13.1,
      3.9,
      1.2,
      24.8,
      2.1,
      1.0,
      1.1,
      31.8,
      27.1,
      3.8,
      0.8,
      1.2,
      8.6,
      2.2,
      0.8,
      36.3
    ],
    "temperature": null,
    "load_avg": {
      "1min": 6.04638671875,
      "5min": 5.361328125,
      "15min": 7.0634765625
    }
  },
  "memory": {
    "total": 30.53,
    "available": 8.53,
    "percent": 72.1,
    "swap_used": 9.03,
    "swap_total": 30.51
  },
  "disk": {
    "total": 91.11,
    "free": 38.28,
    "percent": 55.7,
    "io_counters": {
      "read_bytes": 165306444800,
      "write_bytes": 34053319680
    }
  },
  "network": {
    "bytes_sent": 99776874,
    "bytes_recv": 37297226,
    "packets_sent": 180924,
    "packets_recv": 150800,
    "interfaces": {
      "lo": "127.0.0.1",
      "enp14s0": "192.168.29.69",
      "tailscale0": "100.109.201.94"
    }
  }
}