{
  "timestamp": "2025-04-01T14:19:00.895220",
  "status": "UP",
  "uptime": 5833,
  "cpu": {
    "percent": 7.8,
    "cores": 24,
    "per_core": [
      3.3,
      1.3,
      1.4,
      17.8,
      21.9,
      6.5,
      1.0,
      1.9,
      12.0,
      5.1,
      1.1,
      26.5,
      2.3,
      1.0,
      1.3,
      24.1,
      24.8,
      4.6,
      0.7,
      0.9,
      7.3,
      2.6,
      1.0,
      47.4
    ],
    "temperature": null,
    "load_avg": {
      "1min": 4.8671875,
      "5min": 4.35009765625,
      "15min": 4.8779296875
    }
  },
  "memory": {
    "total": 30.53,
    "available": 13.18,
    "percent": 56.8,
    "swap_used": 13.66,
    "swap_total": 30.51
  },
  "disk": {
    "total": 91.11,
    "free": 38.28,
    "percent": 55.7,
    "io_counters": {
      "read_bytes": 180993899520,
      "write_bytes": 41401167872
    }
  },
  "network": {
    "bytes_sent": 216892976,
    "bytes_recv": 63154936,
    "packets_sent": 385185,
    "packets_recv": 289392,
    "interfaces": {
      "lo": "127.0.0.1",
      "enp14s0": "192.168.29.69",
      "tailscale0": "100.109.201.94"
    }
  }
}