{
  "timestamp": "2025-04-01T14:21:40.968420",
  "status": "UP",
  "uptime": 5993,
  "cpu": {
    "percent": 4.5,
    "cores": 24,
    "per_core": [
      3.2,
      1.1,
      1.3,
      18.2,
      20.7,
      6.8,
      1.3,
      1.3,
      11.6,
      3.6,
      1.0,
      22.3,
      2.6,
      0.9,
      1.3,
      24.1,
      30.4,
      5.5,
      0.4,
      0.7,
      9.8,
      2.0,
      0.7,
      48.2
    ],
    "temperature": null,
    "load_avg": {
      "1min": 6.29638671875,
      "5min": 5.2353515625,
      "15min": 5.1318359375
    }
  },
  "memory": {
    "total": 30.53,
    "available": 13.98,
    "percent": 54.2,
    "swap_used": 14.51,
    "swap_total": 30.51
  },
  "disk": {
    "total": 91.11,
    "free": 38.28,
    "percent": 55.7,
    "io_counters": {
      "read_bytes": 181999545344,
      "write_bytes": 42344288256
    }
  },
  "network": {
    "bytes_sent": 227361923,
    "bytes_recv": 65074220,
    "packets_sent": 403137,
    "packets_recv": 299916,
    "interfaces": {
      "lo": "127.0.0.1",
      "enp14s0": "192.168.29.69",
      "tailscale0": "100.109.201.94"
    }
  }
}