{
  "timestamp": "2025-04-01T13:36:18.311599",
  "status": "UP",
  "uptime": 3271,
  "cpu": {
    "percent": 9.6,
    "cores": 24,
    "per_core": [
      2.9,
      0.9,
      1.1,
      23.7,
      20.1,
      5.6,
      1.3,
      1.6,
      13.8,
      3.8,
      1.1,
      22.1,
      1.9,
      0.9,
      1.0,
      18.0,
      32.5,
      2.8,
      0.6,
      1.2,
      7.4,
      2.1,
      0.8,
      41.3
    ],
    "temperature": null,
    "load_avg": {
      "1min": 4.328125,
      "5min": 5.12109375,
      "15min": 7.6796875
    }
  },
  "memory": {
    "total": 30.53,
    "available": 8.78,
    "percent": 71.2,
    "swap_used": 9.06,
    "swap_total": 30.51
  },
  "disk": {
    "total": 91.11,
    "free": 38.28,
    "percent": 55.7,
    "io_counters": {
      "read_bytes": 163125137920,
      "write_bytes": 34027987968
    }
  },
  "network": {
    "bytes_sent": 74830035,
    "bytes_recv": 29767473,
    "packets_sent": 142566,
    "packets_recv": 124260,
    "interfaces": {
      "lo": "127.0.0.1",
      "enp14s0": "192.168.29.69",
      "tailscale0": "100.109.201.94"
    }
  }
}