{
  "timestamp": "2025-04-01T13:46:26.120581",
  "status": "UP",
  "uptime": 3879,
  "cpu": {
    "percent": 8.8,
    "cores": 24,
    "per_core": [
      3.0,
      0.9,
      1.3,
      20.4,
      25.7,
      5.9,
      1.4,
      2.2,
      11.7,
      4.3,
      1.4,
      24.3,
      2.6,
      0.8,
      0.8,
      21.8,
      36.6,
      4.1,
      0.9,
      1.4,
      9.8,
      2.9,
      0.9,
      34.1
    ],
    "temperature": null,
    "load_avg": {
      "1min": 6.03564453125,
      "5min": 5.8671875,
      "15min": 6.73583984375
    }
  },
  "memory": {
    "total": 30.53,
    "available": 8.37,
    "percent": 72.6,
    "swap_used": 8.99,
    "swap_total": 30.51
  },
  "disk": {
    "total": 91.11,
    "free": 38.28,
    "percent": 55.7,
    "io_counters": {
      "read_bytes": 167498312704,
      "write_bytes": 34079410688
    }
  },
  "network": {
    "bytes_sent": 120897157,
    "bytes_recv": 42967753,
    "packets_sent": 216622,
    "packets_recv": 174585,
    "interfaces": {
      "lo": "127.0.0.1",
      "enp14s0": "192.168.29.69",
      "tailscale0": "100.109.201.94"
    }
  }
}