{
  "timestamp": "2025-04-01T13:37:54.431705",
  "status": "UP",
  "uptime": 3367,
  "cpu": {
    "percent": 9.3,
    "cores": 24,
    "per_core": [
      3.2,
      1.1,
      1.5,
      21.7,
      21.2,
      6.3,
      1.5,
      2.3,
      16.2,
      4.9,
      1.4,
      24.1,
      2.3,
      0.9,
      1.3,
      17.4,
      24.7,
      3.5,
      1.1,
      1.5,
      9.7,
      3.1,
      1.1,
      46.8
    ],
    "temperature": null,
    "load_avg": {
      "1min": 3.6767578125,
      "5min": 4.7763671875,
      "15min": 7.31103515625
    }
  },
  "memory": {
    "total": 30.53,
    "available": 8.64,
    "percent": 71.7,
    "swap_used": 9.05,
    "swap_total": 30.51
  },
  "disk": {
    "total": 91.11,
    "free": 38.28,
    "percent": 55.7,
    "io_counters": {
      "read_bytes": 163925979136,
      "write_bytes": 34038444544
    }
  },
  "network": {
    "bytes_sent": 86512365,
    "bytes_recv": 34015399,
    "packets_sent": 157229,
    "packets_recv": 135069,
    "interfaces": {
      "lo": "127.0.0.1",
      "enp14s0": "192.168.29.69",
      "tailscale0": "100.109.201.94"
    }
  }
}