{
  "timestamp": "2025-04-01T14:22:13.086775",
  "status": "UP",
  "uptime": 6026,
  "cpu": {
    "percent": 9.1,
    "cores": 24,
    "per_core": [
      3.3,
      1.1,
      1.5,
      19.3,
      20.0,
      6.3,
      2.6,
      2.0,
      12.8,
      4.6,
      1.1,
      24.3,
      2.3,
      1.0,
      1.2,
      22.4,
      18.2,
      5.2,
      0.7,
      1.0,
      7.6,
      2.4,
      0.9,
      51.8
    ],
    "temperature": null,
    "load_avg": {
      "1min": 5.62744140625,
      "5min": 5.1787109375,
      "15min": 5.11572265625
    }
  },
  "memory": {
    "total": 30.53,
    "available": 14.16,
    "percent": 53.6,
    "swap_used": 14.73,
    "swap_total": 30.51
  },
  "disk": {
    "total": 91.11,
    "free": 38.28,
    "percent": 55.7,
    "io_counters": {
      "read_bytes": 182188932096,
      "write_bytes": 42590609408
    }
  },
  "network": {
    "bytes_sent": 229678176,
    "bytes_recv": 65663790,
    "packets_sent": 406872,
    "packets_recv": 302268,
    "interfaces": {
      "lo": "127.0.0.1",
      "enp14s0": "192.168.29.69",
      "tailscale0": "100.109.201.94"
    }
  }
}