{
  "timestamp": "2025-04-01T14:08:52.888378",
  "status": "UP",
  "uptime": 5225,
  "cpu": {
    "percent": 4.6,
    "cores": 24,
    "per_core": [
      1.5,
      0.7,
      0.8,
      12.2,
      17.8,
      2.9,
      0.6,
      0.7,
      5.5,
      2.0,
      0.3,
      33.9,
      0.9,
      0.4,
      0.4,
      9.4,
      14.4,
      2.2,
      0.4,
      0.5,
      2.9,
      1.4,
      0.4,
      36.3
    ],
    "temperature": null,
    "load_avg": {
      "1min": 3.701171875,
      "5min": 5.20654296875,
      "15min": 5.48193359375
    }
  },
  "memory": {
    "total": 30.53,
    "available": 11.62,
    "percent": 61.9,
    "swap_used": 11.8,
    "swap_total": 30.51
  },
  "disk": {
    "total": 91.11,
    "free": 38.28,
    "percent": 55.7,
    "io_counters": {
      "read_bytes": 176204634624,
      "write_bytes": 37422380032
    }
  },
  "network": {
    "bytes_sent": 180872751,
    "bytes_recv": 56479371,
    "packets_sent": 321405,
    "packets_recv": 249344,
    "interfaces": {
      "lo": "127.0.0.1",
      "enp14s0": "192.168.29.69",
      "tailscale0": "100.109.201.94"
    }
  }
}