{
  "timestamp": "2025-04-01T13:37:22.377148",
  "status": "UP",
  "uptime": 3335,
  "cpu": {
    "percent": 11.9,
    "cores": 24,
    "per_core": [
      3.1,
      1.1,
      1.5,
      22.7,
      19.7,
      5.7,
      1.3,
      2.2,
      17.2,
      5.9,
      1.3,
      19.9,
      2.5,
      1.2,
      1.4,
      17.5,
      25.6,
      3.9,
      0.9,
      1.4,
      11.1,
      2.9,
      0.9,
      55.7
    ],
    "temperature": null,
    "load_avg": {
      "1min": 4.6962890625,
      "5min": 5.0712890625,
      "15min": 7.50048828125
    }
  },
  "memory": {
    "total": 30.53,
    "available": 8.56,
    "percent": 72.0,
    "swap_used": 9.05,
    "swap_total": 30.51
  },
  "disk": {
    "total": 91.11,
    "free": 38.28,
    "percent": 55.7,
    "io_counters": {
      "read_bytes": 163683722752,
      "write_bytes": 34035154432
    }
  },
  "network": {
    "bytes_sent": 83639712,
    "bytes_recv": 33012845,
    "packets_sent": 151833,
    "packets_recv": 130807,
    "interfaces": {
      "lo": "127.0.0.1",
      "enp14s0": "192.168.29.69",
      "tailscale0": "100.109.201.94"
    }
  }
}