{
  "timestamp": "2025-04-01T13:44:18.239200",
  "status": "UP",
  "uptime": 3751,
  "cpu": {
    "percent": 9.5,
    "cores": 24,
    "per_core": [
      3.4,
      1.0,
      1.3,
      19.4,
      20.2,
      6.0,
      1.3,
      2.2,
      14.1,
      4.7,
      1.2,
      22.8,
      2.4,
      1.0,
      1.1,
      20.8,
      29.0,
      4.0,
      0.7,
      1.3,
      9.4,
      2.4,
      0.9,
      47.8
    ],
    "temperature": null,
    "load_avg": {
      "1min": 7.42578125,
      "5min": 5.4970703125,
      "15min": 6.7412109375
    }
  },
  "memory": {
    "total": 30.53,
    "available": 8.43,
    "percent": 72.4,
    "swap_used": 9.01,
    "swap_total": 30.51
  },
  "disk": {
    "total": 91.11,
    "free": 38.28,
    "percent": 55.7,
    "io_counters": {
      "read_bytes": 166642285568,
      "write_bytes": 34069006848
    }
  },
  "network": {
    "bytes_sent": 113586799,
    "bytes_recv": 41526672,
    "packets_sent": 203121,
    "packets_recv": 165765,
    "interfaces": {
      "lo": "127.0.0.1",
      "enp14s0": "192.168.29.69",
      "tailscale0": "100.109.201.94"
    }
  }
}