{
  "timestamp": "2025-04-01T13:51:13.951562",
  "status": "UP",
  "uptime": 4166,
  "cpu": {
    "percent": 9.3,
    "cores": 24,
    "per_core": [
      2.6,
      1.1,
      1.3,
      18.8,
      21.9,
      6.0,
      1.4,
      2.5,
      13.9,
      4.6,
      1.8,
      26.2,
      1.6,
      0.9,
      0.8,
      23.5,
      34.8,
      3.5,
      1.0,
      1.5,
      7.8,
      3.3,
      1.3,
      37.9
    ],
    "temperature": null,
    "load_avg": {
      "1min": 4.0263671875,
      "5min": 5.39013671875,
      "15min": 6.35595703125
    }
  },
  "memory": {
    "total": 30.53,
    "available": 8.2,
    "percent": 73.1,
    "swap_used": 8.97,
    "swap_total": 30.51
  },
  "disk": {
    "total": 91.11,
    "free": 38.28,
    "percent": 55.7,
    "io_counters": {
      "read_bytes": 169437108224,
      "write_bytes": 34101155840
    }
  },
  "network": {
    "bytes_sent": 144542964,
    "bytes_recv": 46933332,
    "packets_sent": 253339,
    "packets_recv": 194649,
    "interfaces": {
      "lo": "127.0.0.1",
      "enp14s0": "192.168.29.69",
      "tailscale0": "100.109.201.94"
    }
  }
}