{
  "timestamp": "2025-04-01T14:27:01.094379",
  "status": "UP",
  "uptime": 6314,
  "cpu": {
    "percent": 9.3,
    "cores": 24,
    "per_core": [
      3.0,
      1.0,
      1.3,
      18.0,
      17.5,
      5.6,
      1.4,
      1.6,
      14.9,
      4.6,
      1.3,
      21.1,
      1.9,
      0.7,
      1.0,
      19.4,
      33.8,
      4.0,
      0.9,
      1.2,
      11.7,
      3.1,
      1.1,
      49.3
    ],
    "temperature": null,
    "load_avg": {
      "1min": 6.05029296875,
      "5min": 5.32080078125,
      "15min": 5.17724609375
    }
  },
  "memory": {
    "total": 30.53,
    "available": 15.47,
    "percent": 49.3,
    "swap_used": 16.06,
    "swap_total": 30.51
  },
  "disk": {
    "total": 91.11,
    "free": 38.28,
    "percent": 55.7,
    "io_counters": {
      "read_bytes": 183996522496,
      "write_bytes": 44080332288
    }
  },
  "network": {
    "bytes_sent": 249490458,
    "bytes_recv": 68880946,
    "packets_sent": 439895,
    "packets_recv": 320557,
    "interfaces": {
      "lo": "127.0.0.1",
      "enp14s0": "192.168.29.69",
      "tailscale0": "100.109.201.94"
    }
  }
}