{
  "timestamp": "2025-04-01T14:17:56.876596",
  "status": "UP",
  "uptime": 5769,
  "cpu": {
    "percent": 8.9,
    "cores": 24,
    "per_core": [
      3.4,
      1.1,
      1.3,
      17.4,
      21.0,
      5.7,
      1.1,
      1.8,
      10.9,
      4.2,
      1.4,
      25.3,
      2.1,
      0.9,
      1.2,
      22.4,
      25.9,
      4.6,
      0.6,
      1.3,
      8.9,
      2.0,
      0.8,
      51.5
    ],
    "temperature": null,
    "load_avg": {
      "1min": 2.70751953125,
      "5min": 3.93896484375,
      "15min": 4.79345703125
    }
  },
  "memory": {
    "total": 30.53,
    "available": 13.25,
    "percent": 56.6,
    "swap_used": 13.67,
    "swap_total": 30.51
  },
  "disk": {
    "total": 91.11,
    "free": 38.28,
    "percent": 55.7,
    "io_counters": {
      "read_bytes": 180576672768,
      "write_bytes": 41396551680
    }
  },
  "network": {
    "bytes_sent": 212791605,
    "bytes_recv": 62363898,
    "packets_sent": 378069,
    "packets_recv": 285165,
    "interfaces": {
      "lo": "127.0.0.1",
      "enp14s0": "192.168.29.69",
      "tailscale0": "100.109.201.94"
    }
  }
}