{
  "timestamp": "2025-04-01T14:02:28.509344",
  "status": "UP",
  "uptime": 4841,
  "cpu": {
    "percent": 9.3,
    "cores": 24,
    "per_core": [
      3.1,
      0.8,
      1.5,
      24.8,
      20.5,
      5.7,
      1.0,
      2.4,
      13.1,
      4.9,
      1.3,
      24.8,
      2.2,
      1.0,
      1.1,
      19.6,
      31.1,
      4.6,
      0.8,
      1.4,
      9.2,
      2.7,
      0.8,
      41.1
    ],
    "temperature": null,
    "load_avg": {
      "1min": 5.017578125,
      "5min": 4.7548828125,
      "15min": 5.4541015625
    }
  },
  "memory": {
    "total": 30.53,
    "available": 9.68,
    "percent": 68.3,
    "swap_used": 10.32,
    "swap_total": 30.51
  },
  "disk": {
    "total": 91.11,
    "free": 38.28,
    "percent": 55.7,
    "io_counters": {
      "read_bytes": 173853485568,
      "write_bytes": 35694990336
    }
  },
  "network": {
    "bytes_sent": 151961921,
    "bytes_recv": 52341294,
    "packets_sent": 285721,
    "packets_recv": 225584,
    "interfaces": {
      "lo": "127.0.0.1",
      "enp14s0": "192.168.29.69",
      "tailscale0": "100.109.201.94"
    }
  }
}