{
  "timestamp": "2025-04-01T14:20:36.990113",
  "status": "UP",
  "uptime": 5929,
  "cpu": {
    "percent": 8.9,
    "cores": 24,
    "per_core": [
      3.4,
      1.3,
      1.5,
      17.2,
      24.1,
      6.1,
      1.0,
      1.8,
      12.3,
      4.3,
      1.0,
      23.7,
      2.3,
      1.4,
      1.3,
      24.4,
      24.9,
      5.1,
      0.8,
      1.1,
      9.2,
      2.6,
      0.7,
      48.0
    ],
    "temperature": null,
    "load_avg": {
      "1min": 5.92236328125,
      "5min": 4.8173828125,
      "15min": 4.99462890625
    }
  },
  "memory": {
    "total": 30.53,
    "available": 13.4,
    "percent": 56.1,
    "swap_used": 13.93,
    "swap_total": 30.51
  },
  "disk": {
    "total": 91.11,
    "free": 38.28,
    "percent": 55.7,
    "io_counters": {
      "read_bytes": 181601065984,
      "write_bytes": 41705275392
    }
  },
  "network": {
    "bytes_sent": 222621251,
    "bytes_recv": 64262602,
    "packets_sent": 395278,
    "packets_recv": 295527,
    "interfaces": {
      "lo": "127.0.0.1",
      "enp14s0": "192.168.29.69",
      "tailscale0": "100.109.201.94"
    }
  }
}