{
  "timestamp": "2025-04-01T13:51:45.916455",
  "status": "UP",
  "uptime": 4198,
  "cpu": {
    "percent": 9.0,
    "cores": 24,
    "per_core": [
      2.9,
      0.9,
      1.3,
      17.8,
      19.7,
      6.0,
      1.2,
      2.2,
      14.0,
      5.4,
      1.5,
      24.7,
      2.2,
      0.8,
      0.9,
      25.7,
      28.7,
      3.7,
      0.7,
      1.6,
      9.1,
      2.2,
      1.0,
      43.8
    ],
    "temperature": null,
    "load_avg": {
      "1min": 3.421875,
      "5min": 5.1123046875,
      "15min": 6.23193359375
    }
  },
  "memory": {
    "total": 30.53,
    "available": 8.21,
    "percent": 73.1,
    "swap_used": 8.96,
    "swap_total": 30.51
  },
  "disk": {
    "total": 91.11,
    "free": 38.28,
    "percent": 55.7,
    "io_counters": {
      "read_bytes": 169657628672,
      "write_bytes": 34104322048
    }
  },
  "network": {
    "bytes_sent": 144859492,
    "bytes_recv": 47155124,
    "packets_sent": 254665,
    "packets_recv": 195897,
    "interfaces": {
      "lo": "127.0.0.1",
      "enp14s0": "192.168.29.69",
      "tailscale0": "100.109.201.94"
    }
  }
}