{
  "timestamp": "2025-04-01T13:55:29.764457",
  "status": "UP",
  "uptime": 4422,
  "cpu": {
    "percent": 8.9,
    "cores": 24,
    "per_core": [
      2.9,
      1.0,
      1.4,
      23.5,
      20.3,
      6.3,
      1.6,
      1.9,
      14.6,
      5.3,
      1.2,
      22.2,
      2.0,
      1.0,
      1.0,
      22.0,
      27.8,
      4.0,
      0.7,
      1.1,
      8.1,
      2.6,
      0.8,
      44.6
    ],
    "temperature": null,
    "load_avg": {
      "1min": 3.822265625,
      "5min": 4.92919921875,
      "15min": 5.95361328125
    }
  },
  "memory": {
    "total": 30.53,
    "available": 8.11,
    "percent": 73.4,
    "swap_used": 8.95,
    "swap_total": 30.51
  },
  "disk": {
    "total": 91.11,
    "free": 38.28,
    "percent": 55.7,
    "io_counters": {
      "read_bytes": 171153713152,
      "write_bytes": 34126597120
    }
  },
  "network": {
    "bytes_sent": 147420106,
    "bytes_recv": 49065718,
    "packets_sent": 266004,
    "packets_recv": 206804,
    "interfaces": {
      "lo": "127.0.0.1",
      "enp14s0": "192.168.29.69",
      "tailscale0": "100.109.201.94"
    }
  }
}