{
  "timestamp": "2025-04-01T14:13:40.829917",
  "status": "UP",
  "uptime": 5513,
  "cpu": {
    "percent": 9.2,
    "cores": 24,
    "per_core": [
      3.0,
      1.1,
      1.1,
      18.2,
      15.8,
      5.5,
      1.4,
      2.0,
      14.7,
      4.6,
      1.4,
      22.5,
      2.0,
      0.9,
      1.0,
      17.1,
      35.5,
      4.0,
      0.7,
      1.2,
      11.7,
      2.8,
      0.8,
      48.0
    ],
    "temperature": null,
    "load_avg": {
      "1min": 4.71240234375,
      "5min": 4.94189453125,
      "15min": 5.27587890625
    }
  },
  "memory": {
    "total": 30.53,
    "available": 13.37,
    "percent": 56.2,
    "swap_used": 13.71,
    "swap_total": 30.51
  },
  "disk": {
    "total": 91.11,
    "free": 38.28,
    "percent": 55.7,
    "io_counters": {
      "read_bytes": 178895948800,
      "write_bytes": 41377071616
    }
  },
  "network": {
    "bytes_sent": 198111104,
    "bytes_recv": 59667423,
    "packets_sent": 351799,
    "packets_recv": 268704,
    "interfaces": {
      "lo": "127.0.0.1",
      "enp14s0": "192.168.29.69",
      "tailscale0": "100.109.201.94"
    }
  }
}