{
  "timestamp": "2025-04-01T14:18:28.930507",
  "status": "UP",
  "uptime": 5801,
  "cpu": {
    "percent": 9.0,
    "cores": 24,
    "per_core": [
      3.0,
      1.2,
      1.5,
      20.1,
      19.6,
      6.6,
      1.4,
      1.9,
      11.1,
      3.8,
      1.4,
      25.6,
      2.4,
      1.1,
      1.3,
      29.0,
      24.5,
      4.4,
      0.6,
      0.9,
      10.2,
      1.9,
      0.7,
      43.7
    ],
    "temperature": null,
    "load_avg": {
      "1min": 4.5673828125,
      "5min": 4.26123046875,
      "15min": 4.869140625
    }
  },
  "memory": {
    "total": 30.53,
    "available": 13.22,
    "percent": 56.7,
    "swap_used": 13.67,
    "swap_total": 30.51
  },
  "disk": {
    "total": 91.11,
    "free": 38.28,
    "percent": 55.7,
    "io_counters": {
      "read_bytes": 180784806912,
      "write_bytes": 41398820864
    }
  },
  "network": {
    "bytes_sent": 214582663,
    "bytes_recv": 62693314,
    "packets_sent": 381336,
    "packets_recv": 287189,
    "interfaces": {
      "lo": "127.0.0.1",
      "enp14s0": "192.168.29.69",
      "tailscale0": "100.109.201.94"
    }
  }
}