{
  "timestamp": "2025-04-01T13:50:41.955107",
  "status": "UP",
  "uptime": 4134,
  "cpu": {
    "percent": 9.1,
    "cores": 24,
    "per_core": [
      2.9,
      1.1,
      1.4,
      19.4,
      26.3,
      5.9,
      1.5,
      2.2,
      14.8,
      4.4,
      1.3,
      22.8,
      2.1,
      0.9,
      0.9,
      23.2,
      26.5,
      4.5,
      0.9,
      1.4,
      9.8,
      2.9,
      1.0,
      42.8
    ],
    "temperature": null,
    "load_avg": {
      "1min": 5.33740234375,
      "5min": 5.76171875,
      "15min": 6.5087890625
    }
  },
  "memory": {
    "total": 30.53,
    "available": 8.2,
    "percent": 73.1,
    "swap_used": 8.97,
    "swap_total": 30.51
  },
  "disk": {
    "total": 91.11,
    "free": 38.28,
    "percent": 55.7,
    "io_counters": {
      "read_bytes": 169214113792,
      "write_bytes": 34098046976
    }
  },
  "network": {
    "bytes_sent": 141475718,
    "bytes_recv": 46652298,
    "packets_sent": 248991,
    "packets_recv": 192737,
    "interfaces": {
      "lo": "127.0.0.1",
      "enp14s0": "192.168.29.69",
      "tailscale0": "100.109.201.94"
    }
  }
}