{
  "timestamp": "2025-04-01T14:21:08.952931",
  "status": "UP",
  "uptime": 5961,
  "cpu": {
    "percent": 9.3,
    "cores": 24,
    "per_core": [
      3.1,
      1.1,
      1.6,
      20.0,
      17.3,
      6.3,
      1.2,
      1.5,
      10.7,
      5.3,
      1.2,
      26.5,
      2.8,
      0.9,
      1.4,
      21.8,
      30.7,
      3.9,
      1.1,
      1.1,
      10.1,
      2.3,
      0.6,
      48.1
    ],
    "temperature": null,
    "load_avg": {
      "1min": 7.30810546875,
      "5min": 5.29443359375,
      "15min": 5.14794921875
    }
  },
  "memory": {
    "total": 30.53,
    "available": 13.68,
    "percent": 55.2,
    "swap_used": 14.2,
    "swap_total": 30.51
  },
  "disk": {
    "total": 91.11,
    "free": 38.28,
    "percent": 55.7,
    "io_counters": {
      "read_bytes": 181803174912,
      "write_bytes": 42001129472
    }
  },
  "network": {
    "bytes_sent": 224800977,
    "bytes_recv": 64594253,
    "packets_sent": 398917,
    "packets_recv": 297559,
    "interfaces": {
      "lo": "127.0.0.1",
      "enp14s0": "192.168.29.69",
      "tailscale0": "100.109.201.94"
    }
  }
}