{
  "timestamp": "2025-04-01T13:41:38.334258",
  "status": "UP",
  "uptime": 3591,
  "cpu": {
    "percent": 9.5,
    "cores": 24,
    "per_core": [
      3.6,
      1.0,
      1.6,
      23.3,
      21.0,
      7.3,
      1.3,
      1.8,
      9.5,
      3.5,
      1.3,
      22.2,
      2.8,
      1.0,
      1.3,
      27.0,
      37.1,
      5.1,
      0.6,
      1.4,
      6.9,
      2.2,
      0.7,
      34.3
    ],
    "temperature": null,
    "load_avg": {
      "1min": 4.376953125,
      "5min": 5.01904296875,
      "15min": 6.884765625
    }
  },
  "memory": {
    "total": 30.53,
    "available": 8.47,
    "percent": 72.3,
    "swap_used": 9.02,
    "swap_total": 30.51
  },
  "disk": {
    "total": 91.11,
    "free": 38.28,
    "percent": 55.7,
    "io_counters": {
      "read_bytes": 165533101056,
      "write_bytes": 34055891968
    }
  },
  "network": {
    "bytes_sent": 101692306,
    "bytes_recv": 37787694,
    "packets_sent": 184649,
    "packets_recv": 153377,
    "interfaces": {
      "lo": "127.0.0.1",
      "enp14s0": "192.168.29.69",
      "tailscale0": "100.109.201.94"
    }
  }
}