{
  "timestamp": "2025-04-01T13:42:42.343875",
  "status": "UP",
  "uptime": 3655,
  "cpu": {
    "percent": 8.9,
    "cores": 24,
    "per_core": [
      3.2,
      1.0,
      1.3,
      20.6,
      19.3,
      5.3,
      1.2,
      1.7,
      10.7,
      4.4,
      1.2,
      24.1,
      1.9,
      1.1,
      1.5,
      21.0,
      29.0,
      3.8,
      0.6,
      1.2,
      8.5,
      2.3,
      0.8,
      51.8
    ],
    "temperature": null,
    "load_avg": {
      "1min": 5.0107421875,
      "5min": 5.04296875,
      "15min": 6.771484375
    }
  },
  "memory": {
    "total": 30.53,
    "available": 8.43,
    "percent": 72.4,
    "swap_used": 9.01,
    "swap_total": 30.51
  },
  "disk": {
    "total": 91.11,
    "free": 38.28,
    "percent": 55.7,
    "io_counters": {
      "read_bytes": 165997300736,
      "write_bytes": 34061740544
    }
  },
  "network": {
    "bytes_sent": 106898877,
    "bytes_recv": 39513226,
    "packets_sent": 192458,
    "packets_recv": 158577,
    "interfaces": {
      "lo": "127.0.0.1",
      "enp14s0": "192.168.29.69",
      "tailscale0": "100.109.201.94"
    }
  }
}