{
  "timestamp": "2025-04-01T14:24:21.144008",
  "status": "UP",
  "uptime": 6154,
  "cpu": {
    "percent": 8.8,
    "cores": 24,
    "per_core": [
      2.9,
      1.0,
      1.3,
      17.9,
      18.4,
      5.6,
      1.0,
      1.7,
      12.2,
      3.6,
      1.0,
      29.1,
      1.8,
      0.9,
      1.1,
      23.3,
      19.9,
      4.5,
      0.7,
      1.0,
      8.8,
      1.8,
      0.5,
      46.4
    ],
    "temperature": null,
    "load_avg": {
      "1min": 5.3125,
      "5min": 5.34228515625,
      "15min": 5.1865234375
    }
  },
  "memory": {
    "total": 30.53,
    "available": 14.89,
    "percent": 51.2,
    "swap_used": 15.49,
    "swap_total": 30.51
  },
  "disk": {
    "total": 91.11,
    "free": 38.28,
    "percent": 55.7,
    "io_counters": {
      "read_bytes": 182980623360,
      "write_bytes": 43431329280
    }
  },
  "network": {
    "bytes_sent": 237912785,
    "bytes_recv": 67147225,
    "packets_sent": 420778,
    "packets_recv": 310513,
    "interfaces": {
      "lo": "127.0.0.1",
      "enp14s0": "192.168.29.69",
      "tailscale0": "100.109.201.94"
    }
  }
}