{
  "timestamp": "2025-04-01T13:45:22.175728",
  "status": "UP",
  "uptime": 3815,
  "cpu": {
    "percent": 4.6,
    "cores": 24,
    "per_core": [
      2.7,
      0.8,
      1.2,
      23.2,
      20.6,
      5.1,
      1.1,
      1.9,
      14.9,
      4.7,
      1.3,
      21.9,
      1.5,
      0.8,
      1.0,
      18.7,
      32.5,
      3.4,
      0.8,
      1.3,
      10.1,
      2.5,
      1.1,
      39.3
    ],
    "temperature": null,
    "load_avg": {
      "1min": 7.73779296875,
      "5min": 6.12939453125,
      "15min": 6.8837890625
    }
  },
  "memory": {
    "total": 30.53,
    "available": 8.4,
    "percent": 72.5,
    "swap_used": 9.0,
    "swap_total": 30.51
  },
  "disk": {
    "total": 91.11,
    "free": 38.28,
    "percent": 55.7,
    "io_counters": {
      "read_bytes": 167064370176,
      "write_bytes": 34074405376
    }
  },
  "network": {
    "bytes_sent": 117214803,
    "bytes_recv": 42280281,
    "packets_sent": 209825,
    "packets_recv": 170281,
    "interfaces": {
      "lo": "127.0.0.1",
      "enp14s0": "192.168.29.69",
      "tailscale0": "100.109.201.94"
    }
  }
}