{
  "timestamp": "2025-04-01T14:09:56.827130",
  "status": "UP",
  "uptime": 5289,
  "cpu": {
    "percent": 16.7,
    "cores": 24,
    "per_core": [
      9.9,
      3.0,
      4.2,
      26.0,
      24.9,
      18.0,
      2.5,
      7.0,
      23.1,
      14.6,
      3.9,
      27.5,
      8.7,
      3.1,
      4.2,
      43.0,
      53.6,
      20.3,
      2.5,
      6.3,
      32.5,
      14.1,
      3.9,
      50.3
    ],
    "temperature": null,
    "load_avg": {
      "1min": 4.1259765625,
      "5min": 5.0419921875,
      "15min": 5.40478515625
    }
  },
  "memory": {
    "total": 30.53,
    "available": 13.54,
    "percent": 55.7,
    "swap_used": 13.75,
    "swap_total": 30.51
  },
  "disk": {
    "total": 91.11,
    "free": 38.28,
    "percent": 55.7,
    "io_counters": {
      "read_bytes": 177277037056,
      "write_bytes": 41360573440
    }
  },
  "network": {
    "bytes_sent": 184953881,
    "bytes_recv": 57283291,
    "packets_sent": 328434,
    "packets_recv": 254148,
    "interfaces": {
      "lo": "127.0.0.1",
      "enp14s0": "192.168.29.69",
      "tailscale0": "100.109.201.94"
    }
  }
}