{
  "timestamp": "2025-04-01T13:33:05.981333",
  "status": "UP",
  "uptime": 3078,
  "cpu": {
    "percent": 9.1,
    "cores": 24,
    "per_core": [
      3.3,
      1.2,
      1.5,
      21.0,
      19.2,
      5.7,
      1.0,
      1.8,
      9.2,
      3.8,
      1.1,
      24.7,
      2.5,
      1.0,
      1.4,
      22.3,
      28.6,
      4.5,
      0.5,
      0.8,
      8.2,
      1.8,
      0.7,
      55.7
    ],
    "temperature": null,
    "load_avg": {
      "1min": 6.46337890625,
      "5min": 6.12548828125,
      "15min": 8.548828125
    }
  },
  "memory": {
    "total": 30.53,
    "available": 8.85,
    "percent": 71.0,
    "swap_used": 9.09,
    "swap_total": 30.51
  },
  "disk": {
    "total": 91.11,
    "free": 38.28,
    "percent": 55.7,
    "io_counters": {
      "read_bytes": 161893630464,
      "write_bytes": 34012820480
    }
  },
  "network": {
    "bytes_sent": 63900901,
    "bytes_recv": 27693075,
    "packets_sent": 123368,
    "packets_recv": 112380,
    "interfaces": {
      "lo": "127.0.0.1",
      "enp14s0": "192.168.29.69",
      "tailscale0": "100.109.201.94"
    }
  }
}