{
  "timestamp": "2025-04-01T13:31:29.771546",
  "status": "UP",
  "uptime": 2982,
  "cpu": {
    "percent": 4.2,
    "cores": 24,
    "per_core": [
      2.7,
      1.1,
      1.3,
      17.7,
      21.0,
      5.1,
      0.9,
      1.3,
      8.7,
      2.9,
      1.2,
      24.4,
      1.7,
      0.9,
      1.1,
      29.2,
      22.8,
      3.2,
      0.4,
      0.5,
      5.2,
      1.4,
      0.5,
      44.0
    ],
    "temperature": null,
    "load_avg": {
      "1min": 5.0634765625,
      "5min": 5.9541015625,
      "15min": 8.76708984375
    }
  },
  "memory": {
    "total": 30.53,
    "available": 8.85,
    "percent": 71.0,
    "swap_used": 9.1,
    "swap_total": 30.51
  },
  "disk": {
    "total": 91.11,
    "free": 38.28,
    "percent": 55.7,
    "io_counters": {
      "read_bytes": 161250394624,
      "write_bytes": 34003952128
    }
  },
  "network": {
    "bytes_sent": 61202965,
    "bytes_recv": 26801519,
    "packets_sent": 117257,
    "packets_recv": 107466,
    "interfaces": {
      "lo": "127.0.0.1",
      "enp14s0": "192.168.29.69",
      "tailscale0": "100.109.201.94"
    }
  }
}