{
  "timestamp": "2025-04-01T14:12:04.753179",
  "status": "UP",
  "uptime": 5417,
  "cpu": {
    "percent": 9.0,
    "cores": 24,
    "per_core": [
      2.7,
      1.0,
      1.5,
      19.8,
      24.5,
      6.2,
      1.3,
      2.2,
      13.8,
      4.7,
      1.5,
      22.4,
      1.9,
      0.7,
      1.0,
      21.9,
      29.3,
      3.6,
      0.9,
      1.4,
      9.6,
      2.9,
      0.9,
      42.1
    ],
    "temperature": null,
    "load_avg": {
      "1min": 5.111328125,
      "5min": 4.98681640625,
      "15min": 5.326171875
    }
  },
  "memory": {
    "total": 30.53,
    "available": 13.43,
    "percent": 56.0,
    "swap_used": 13.73,
    "swap_total": 30.51
  },
  "disk": {
    "total": 91.11,
    "free": 38.28,
    "percent": 55.7,
    "io_counters": {
      "read_bytes": 178250983936,
      "write_bytes": 41370252288
    }
  },
  "network": {
    "bytes_sent": 192670901,
    "bytes_recv": 58675403,
    "packets_sent": 342028,
    "packets_recv": 262631,
    "interfaces": {
      "lo": "127.0.0.1",
      "enp14s0": "192.168.29.69",
      "tailscale0": "100.109.201.94"
    }
  }
}