{
  "timestamp": "2025-04-01T13:34:10.205682",
  "status": "UP",
  "uptime": 3143,
  "cpu": {
    "percent": 8.8,
    "cores": 24,
    "per_core": [
      3.1,
      0.9,
      1.1,
      18.7,
      17.5,
      4.9,
      1.3,
      1.2,
      12.4,
      4.0,
      1.0,
      21.8,
      1.8,
      0.9,
      0.9,
      18.6,
      34.3,
      3.6,
      0.7,
      0.9,
      9.7,
      1.9,
      0.7,
      46.1
    ],
    "temperature": null,
    "load_avg": {
      "1min": 4.30224609375,
      "5min": 5.60546875,
      "15min": 8.2060546875
    }
  },
  "memory": {
    "total": 30.53,
    "available": 8.81,
    "percent": 71.1,
    "swap_used": 9.08,
    "swap_total": 30.51
  },
  "disk": {
    "total": 91.11,
    "free": 38.28,
    "percent": 55.7,
    "io_counters": {
      "read_bytes": 162295718400,
      "write_bytes": 34017059840
    }
  },
  "network": {
    "bytes_sent": 67441228,
    "bytes_recv": 28458589,
    "packets_sent": 129584,
    "packets_recv": 116332,
    "interfaces": {
      "lo": "127.0.0.1",
      "enp14s0": "192.168.29.69",
      "tailscale0": "100.109.201.94"
    }
  }
}