{
  "timestamp": "2025-04-01T14:28:37.057368",
  "status": "UP",
  "uptime": 6410,
  "cpu": {
    "percent": 9.2,
    "cores": 24,
    "per_core": [
      3.0,
      1.0,
      1.1,
      19.6,
      22.9,
      6.3,
      1.3,
      2.2,
      15.6,
      4.8,
      1.4,
      26.3,
      2.0,
      0.8,
      0.9,
      20.9,
      26.5,
      4.4,
      0.9,
      1.3,
      9.3,
      2.8,
      0.8,
      44.0
    ],
    "temperature": null,
    "load_avg": {
      "1min": 5.3369140625,
      "5min": 5.1875,
      "15min": 5.13818359375
    }
  },
  "memory": {
    "total": 30.53,
    "available": 15.92,
    "percent": 47.9,
    "swap_used": 16.58,
    "swap_total": 30.51
  },
  "disk": {
    "total": 91.11,
    "free": 38.28,
    "percent": 55.7,
    "io_counters": {
      "read_bytes": 184610578432,
      "write_bytes": 44662889472
    }
  },
  "network": {
    "bytes_sent": 255462335,
    "bytes_recv": 69870885,
    "packets_sent": 450058,
    "packets_recv": 326583,
    "interfaces": {
      "lo": "127.0.0.1",
      "enp14s0": "192.168.29.69",
      "tailscale0": "100.109.201.94"
    }
  }
}