{
  "timestamp": "2025-04-01T13:33:38.056529",
  "status": "UP",
  "uptime": 3111,
  "cpu": {
    "percent": 9.6,
    "cores": 24,
    "per_core": [
      2.9,
      1.2,
      1.5,
      17.1,
      20.9,
      6.2,
      1.3,
      2.2,
      14.0,
      4.0,
      1.3,
      23.6,
      2.1,
      1.0,
      1.0,
      21.7,
      30.3,
      4.1,
      0.7,
      1.1,
      9.6,
      2.7,
      0.8,
      45.7
    ],
    "temperature": null,
    "load_avg": {
      "1min": 6.23486328125,
      "5min": 6.07275390625,
      "15min": 8.45166015625
    }
  },
  "memory": {
    "total": 30.53,
    "available": 8.89,
    "percent": 70.9,
    "swap_used": 9.08,
    "swap_total": 30.51
  },
  "disk": {
    "total": 91.11,
    "free": 38.28,
    "percent": 55.7,
    "io_counters": {
      "read_bytes": 162102501888,
      "write_bytes": 34015175680
    }
  },
  "network": {
    "bytes_sent": 65612789,
    "bytes_recv": 28012944,
    "packets_sent": 126435,
    "packets_recv": 114289,
    "interfaces": {
      "lo": "127.0.0.1",
      "enp14s0": "192.168.29.69",
      "tailscale0": "100.109.201.94"
    }
  }
}