{
  "timestamp": "2025-04-01T13:40:02.318934",
  "status": "UP",
  "uptime": 3495,
  "cpu": {
    "percent": 9.2,
    "cores": 24,
    "per_core": [
      3.1,
      1.1,
      1.4,
      20.5,
      20.2,
      6.1,
      1.3,
      2.0,
      13.1,
      4.1,
      1.6,
      23.3,
      2.1,
      0.8,
      0.8,
      25.5,
      27.3,
      4.6,
      0.8,
      1.4,
      9.0,
      2.6,
      0.9,
      44.8
    ],
    "temperature": null,
    "load_avg": {
      "1min": 5.76708984375,
      "5min": 5.1982421875,
      "15min": 7.14111328125
    }
  },
  "memory": {
    "total": 30.53,
    "available": 8.55,
    "percent": 72.0,
    "swap_used": 9.03,
    "swap_total": 30.51
  },
  "disk": {
    "total": 91.11,
    "free": 38.28,
    "percent": 55.7,
    "io_counters": {
      "read_bytes": 164853750784,
      "write_bytes": 34048113664
    }
  },
  "network": {
    "bytes_sent": 95534357,
    "bytes_recv": 36257994,
    "packets_sent": 173614,
    "packets_recv": 146045,
    "interfaces": {
      "lo": "127.0.0.1",
      "enp14s0": "192.168.29.69",
      "tailscale0": "100.109.201.94"
    }
  }
}