{
  "timestamp": "2025-04-01T13:42:10.351931",
  "status": "UP",
  "uptime": 3623,
  "cpu": {
    "percent": 8.8,
    "cores": 24,
    "per_core": [
      3.3,
      1.2,
      1.5,
      20.9,
      21.4,
      6.4,
      0.9,
      1.3,
      13.4,
      4.5,
      1.2,
      19.0,
      2.4,
      1.0,
      1.4,
      17.7,
      20.3,
      4.1,
      0.7,
      1.4,
      10.1,
      2.8,
      0.9,
      62.1
    ],
    "temperature": null,
    "load_avg": {
      "1min": 3.439453125,
      "5min": 4.7294921875,
      "15min": 6.72802734375
    }
  },
  "memory": {
    "total": 30.53,
    "available": 8.47,
    "percent": 72.2,
    "swap_used": 9.02,
    "swap_total": 30.51
  },
  "disk": {
    "total": 91.11,
    "free": 38.28,
    "percent": 55.7,
    "io_counters": {
      "read_bytes": 165777026048,
      "write_bytes": 34059291648
    }
  },
  "network": {
    "bytes_sent": 104331110,
    "bytes_recv": 38663435,
    "packets_sent": 188752,
    "packets_recv": 156185,
    "interfaces": {
      "lo": "127.0.0.1",
      "enp14s0": "192.168.29.69",
      "tailscale0": "100.109.201.94"
    }
  }
}