{
  "timestamp": "2025-04-01T14:07:48.861964",
  "status": "UP",
  "uptime": 5161,
  "cpu": {
    "percent": 8.8,
    "cores": 24,
    "per_core": [
      3.3,
      1.0,
      1.3,
      19.2,
      18.9,
      5.9,
      1.3,
      1.9,
      13.8,
      4.2,
      1.3,
      26.6,
      2.4,
      0.9,
      1.0,
      17.8,
      22.9,
      4.3,
      0.7,
      0.9,
      12.6,
      2.7,
      0.8,
      51.3
    ],
    "temperature": null,
    "load_avg": {
      "1min": 6.26904296875,
      "5min": 5.85498046875,
      "15min": 5.6953125
    }
  },
  "memory": {
    "total": 30.53,
    "available": 11.59,
    "percent": 62.0,
    "swap_used": 11.71,
    "swap_total": 30.51
  },
  "disk": {
    "total": 91.11,
    "free": 38.28,
    "percent": 55.7,
    "io_counters": {
      "read_bytes": 175899388416,
      "write_bytes": 37293351936
    }
  },
  "network": {
    "bytes_sent": 156350323,
    "bytes_recv": 55219078,
    "packets_sent": 301096,
    "packets_recv": 239768,
    "interfaces": {
      "lo": "127.0.0.1",
      "enp14s0": "192.168.29.69",
      "tailscale0": "100.109.201.94"
    }
  }
}