{
  "timestamp": "2025-04-01T13:59:48.535756",
  "status": "UP",
  "uptime": 4681,
  "cpu": {
    "percent": 9.0,
    "cores": 24,
    "per_core": [
      2.5,
      0.7,
      1.2,
      19.2,
      22.5,
      5.4,
      1.6,
      2.6,
      12.6,
      5.1,
      1.6,
      27.8,
      2.0,
      0.7,
      0.8,
      31.0,
      31.2,
      3.2,
      0.9,
      1.4,
      6.4,
      3.0,
      1.1,
      34.0
    ],
    "temperature": null,
    "load_avg": {
      "1min": 3.478515625,
      "5min": 4.353515625,
      "15min": 5.47998046875
    }
  },
  "memory": {
    "total": 30.53,
    "available": 8.81,
    "percent": 71.1,
    "swap_used": 9.71,
    "swap_total": 30.51
  },
  "disk": {
    "total": 91.11,
    "free": 38.28,
    "percent": 55.7,
    "io_counters": {
      "read_bytes": 172833114624,
      "write_bytes": 35007014400
    }
  },
  "network": {
    "bytes_sent": 150226869,
    "bytes_recv": 51094697,
    "packets_sent": 278192,
    "packets_recv": 218427,
    "interfaces": {
      "lo": "127.0.0.1",
      "enp14s0": "192.168.29.69",
      "tailscale0": "100.109.201.94"
    }
  }
}