{
  "timestamp": "2025-04-01T13:32:01.835951",
  "status": "UP",
  "uptime": 3014,
  "cpu": {
    "percent": 8.7,
    "cores": 24,
    "per_core": [
      3.4,
      1.0,
      1.3,
      20.8,
      24.8,
      6.4,
      1.0,
      1.3,
      7.7,
      2.3,
      0.8,
      21.7,
      1.9,
      1.0,
      1.3,
      25.3,
      25.2,
      4.3,
      0.5,
      0.8,
      6.1,
      1.5,
      0.6,
      47.3
    ],
    "temperature": null,
    "load_avg": {
      "1min": 6.072265625,
      "5min": 6.078125,
      "15min": 8.71630859375
    }
  },
  "memory": {
    "total": 30.53,
    "available": 8.83,
    "percent": 71.1,
    "swap_used": 9.09,
    "swap_total": 30.51
  },
  "disk": {
    "total": 91.11,
    "free": 38.28,
    "percent": 55.7,
    "io_counters": {
      "read_bytes": 161465590272,
      "write_bytes": 34006561280
    }
  },
  "network": {
    "bytes_sent": 61643659,
    "bytes_recv": 27112413,
    "packets_sent": 118786,
    "packets_recv": 109001,
    "interfaces": {
      "lo": "127.0.0.1",
      "enp14s0": "192.168.29.69",
      "tailscale0": "100.109.201.94"
    }
  }
}