{
  "timestamp": "2025-04-01T13:54:25.877551",
  "status": "UP",
  "uptime": 4358,
  "cpu": {
    "percent": 9.0,
    "cores": 24,
    "per_core": [
      2.7,
      1.1,
      1.3,
      18.9,
      23.1,
      5.6,
      1.4,
      1.8,
      13.7,
      4.0,
      1.3,
      23.0,
      2.2,
      0.8,
      1.0,
      31.8,
      26.1,
      3.9,
      0.8,
      1.4,
      10.1,
      2.4,
      0.9,
      40.2
    ],
    "temperature": null,
    "load_avg": {
      "1min": 4.99658203125,
      "5min": 5.3134765625,
      "15min": 6.1435546875
    }
  },
  "memory": {
    "total": 30.53,
    "available": 8.11,
    "percent": 73.4,
    "swap_used": 8.95,
    "swap_total": 30.51
  },
  "disk": {
    "total": 91.11,
    "free": 38.28,
    "percent": 55.7,
    "io_counters": {
      "read_bytes": 170740813824,
      "write_bytes": 34120159744
    }
  },
  "network": {
    "bytes_sent": 146680698,
    "bytes_recv": 48487373,
    "packets_sent": 262563,
    "packets_recv": 203444,
    "interfaces": {
      "lo": "127.0.0.1",
      "enp14s0": "192.168.29.69",
      "tailscale0": "100.109.201.94"
    }
  }
}