{
  "timestamp": "2025-04-01T13:39:30.411133",
  "status": "UP",
  "uptime": 3463,
  "cpu": {
    "percent": 9.1,
    "cores": 24,
    "per_core": [
      2.7,
      1.1,
      1.6,
      18.8,
      25.1,
      6.4,
      1.4,
      1.9,
      12.8,
      4.2,
      1.7,
      26.5,
      2.1,
      1.0,
      1.1,
      24.3,
      32.3,
      4.2,
      0.8,
      1.1,
      9.4,
      2.6,
      0.9,
      34.5
    ],
    "temperature": null,
    "load_avg": {
      "1min": 6.4033203125,
      "5min": 5.2109375,
      "15min": 7.20751953125
    }
  },
  "memory": {
    "total": 30.53,
    "available": 8.55,
    "percent": 72.0,
    "swap_used": 9.04,
    "swap_total": 30.51
  },
  "disk": {
    "total": 91.11,
    "free": 38.28,
    "percent": 55.7,
    "io_counters": {
      "read_bytes": 164622633984,
      "write_bytes": 34045869056
    }
  },
  "network": {
    "bytes_sent": 93663214,
    "bytes_recv": 35922196,
    "packets_sent": 170313,
    "packets_recv": 144016,
    "interfaces": {
      "lo": "127.0.0.1",
      "enp14s0": "192.168.29.69",
      "tailscale0": "100.109.201.94"
    }
  }
}