{
  "timestamp": "2025-04-01T14:04:36.610546",
  "status": "UP",
  "uptime": 4969,
  "cpu": {
    "percent": 9.0,
    "cores": 24,
    "per_core": [
      2.7,
      1.0,
      1.1,
      20.6,
      23.9,
      5.4,
      1.4,
      2.1,
      12.5,
      3.8,
      1.3,
      23.7,
      2.3,
      0.9,
      1.1,
      24.2,
      31.7,
      4.6,
      1.0,
      1.3,
      8.2,
      2.9,
      1.2,
      38.9
    ],
    "temperature": null,
    "load_avg": {
      "1min": 5.91748046875,
      "5min": 5.01220703125,
      "15min": 5.44482421875
    }
  },
  "memory": {
    "total": 30.53,
    "available": 10.47,
    "percent": 65.7,
    "swap_used": 10.76,
    "swap_total": 30.51
  },
  "disk": {
    "total": 91.11,
    "free": 38.28,
    "percent": 55.7,
    "io_counters": {
      "read_bytes": 174656088576,
      "write_bytes": 36199908352
    }
  },
  "network": {
    "bytes_sent": 153197309,
    "bytes_recv": 53217935,
    "packets_sent": 290959,
    "packets_recv": 230520,
    "interfaces": {
      "lo": "127.0.0.1",
      "enp14s0": "192.168.29.69",
      "tailscale0": "100.109.201.94"
    }
  }
}