{
  "timestamp": "2025-04-01T14:00:20.529746",
  "status": "UP",
  "uptime": 4713,
  "cpu": {
    "percent": 8.9,
    "cores": 24,
    "per_core": [
      2.6,
      0.8,
      1.1,
      14.4,
      19.3,
      4.4,
      1.4,
      2.5,
      19.6,
      5.9,
      1.7,
      22.7,
      1.6,
      0.8,
      0.9,
      20.9,
      20.6,
      3.0,
      0.8,
      1.6,
      14.7,
      3.7,
      0.9,
      52.0
    ],
    "temperature": null,
    "load_avg": {
      "1min": 3.95654296875,
      "5min": 4.3837890625,
      "15min": 5.453125
    }
  },
  "memory": {
    "total": 30.53,
    "available": 9.09,
    "percent": 70.2,
    "swap_used": 9.97,
    "swap_total": 30.51
  },
  "disk": {
    "total": 91.11,
    "free": 38.28,
    "percent": 55.7,
    "io_counters": {
      "read_bytes": 173038422528,
      "write_bytes": 35295249920
    }
  },
  "network": {
    "bytes_sent": 150534374,
    "bytes_recv": 51313801,
    "packets_sent": 279495,
    "packets_recv": 219673,
    "interfaces": {
      "lo": "127.0.0.1",
      "enp14s0": "192.168.29.69",
      "tailscale0": "100.109.201.94"
    }
  }
}