{
  "timestamp": "2025-04-01T13:48:02.043501",
  "status": "UP",
  "uptime": 3975,
  "cpu": {
    "percent": 9.2,
    "cores": 24,
    "per_core": [
      2.7,
      0.9,
      1.3,
      16.7,
      19.1,
      5.0,
      1.3,
      1.7,
      14.4,
      3.9,
      1.1,
      28.6,
      1.7,
      0.9,
      1.3,
      15.5,
      26.6,
      4.0,
      0.7,
      1.1,
      11.0,
      2.3,
      0.8,
      44.4
    ],
    "temperature": null,
    "load_avg": {
      "1min": 5.7236328125,
      "5min": 6.033203125,
      "15min": 6.72216796875
    }
  },
  "memory": {
    "total": 30.53,
    "available": 8.29,
    "percent": 72.9,
    "swap_used": 8.98,
    "swap_total": 30.51
  },
  "disk": {
    "total": 91.11,
    "free": 38.28,
    "percent": 55.7,
    "io_counters": {
      "read_bytes": 168132573184,
      "write_bytes": 34086201344
    }
  },
  "network": {
    "bytes_sent": 126251745,
    "bytes_recv": 44098620,
    "packets_sent": 226343,
    "packets_recv": 180895,
    "interfaces": {
      "lo": "127.0.0.1",
      "enp14s0": "192.168.29.69",
      "tailscale0": "100.109.201.94"
    }
  }
}