{
  "timestamp": "2025-04-01T14:04:04.526118",
  "status": "UP",
  "uptime": 4937,
  "cpu": {
    "percent": 9.0,
    "cores": 24,
    "per_core": [
      2.7,
      1.0,
      1.0,
      15.7,
      16.2,
      5.0,
      1.0,
      2.1,
      12.9,
      4.7,
      1.4,
      20.8,
      1.6,
      0.6,
      0.8,
      16.8,
      27.7,
      4.2,
      0.6,
      1.2,
      9.6,
      2.0,
      0.6,
      57.8
    ],
    "temperature": null,
    "load_avg": {
      "1min": 4.7578125,
      "5min": 4.689453125,
      "15min": 5.35693359375
    }
  },
  "memory": {
    "total": 30.53,
    "available": 10.21,
    "percent": 66.6,
    "swap_used": 10.58,
    "swap_total": 30.51
  },
  "disk": {
    "total": 91.11,
    "free": 38.28,
    "percent": 55.7,
    "io_counters": {
      "read_bytes": 174449895936,
      "write_bytes": 35997778944
    }
  },
  "network": {
    "bytes_sent": 152896778,
    "bytes_recv": 53000699,
    "packets_sent": 289664,
    "packets_recv": 229300,
    "interfaces": {
      "lo": "127.0.0.1",
      "enp14s0": "192.168.29.69",
      "tailscale0": "100.109.201.94"
    }
  }
}