{
  "timestamp": "2025-04-01T14:13:08.745080",
  "status": "UP",
  "uptime": 5481,
  "cpu": {
    "percent": 8.8,
    "cores": 24,
    "per_core": [
      2.8,
      1.0,
      1.3,
      18.7,
      22.5,
      6.3,
      1.1,
      1.9,
      13.9,
      3.8,
      1.4,
      26.1,
      2.2,
      0.8,
      1.2,
      23.6,
      22.8,
      4.5,
      0.8,
      1.3,
      10.7,
      4.2,
      0.7,
      44.9
    ],
    "temperature": null,
    "load_avg": {
      "1min": 6.35595703125,
      "5min": 5.236328125,
      "15min": 5.37939453125
    }
  },
  "memory": {
    "total": 30.53,
    "available": 13.37,
    "percent": 56.2,
    "swap_used": 13.72,
    "swap_total": 30.51
  },
  "disk": {
    "total": 91.11,
    "free": 38.28,
    "percent": 55.7,
    "io_counters": {
      "read_bytes": 178672532480,
      "write_bytes": 41374614016
    }
  },
  "network": {
    "bytes_sent": 196364392,
    "bytes_recv": 59325449,
    "packets_sent": 348546,
    "packets_recv": 266606,
    "interfaces": {
      "lo": "127.0.0.1",
      "enp14s0": "192.168.29.69",
      "tailscale0": "100.109.201.94"
    }
  }
}