{
  "timestamp": "2025-04-01T13:52:49.898979",
  "status": "UP",
  "uptime": 4262,
  "cpu": {
    "percent": 9.1,
    "cores": 24,
    "per_core": [
      2.6,
      1.0,
      1.2,
      23.9,
      21.2,
      5.3,
      1.2,
      2.2,
      12.5,
      4.9,
      1.6,
      27.6,
      1.5,
      0.9,
      0.9,
      22.7,
      31.0,
      3.8,
      1.0,
      1.0,
      7.8,
      2.6,
      0.8,
      32.1
    ],
    "temperature": null,
    "load_avg": {
      "1min": 5.94140625,
      "5min": 5.51123046875,
      "15min": 6.29296875
    }
  },
  "memory": {
    "total": 30.53,
    "available": 8.2,
    "percent": 73.1,
    "swap_used": 8.96,
    "swap_total": 30.51
  },
  "disk": {
    "total": 91.11,
    "free": 38.28,
    "percent": 55.7,
    "io_counters": {
      "read_bytes": 170079057920,
      "write_bytes": 34110854656
    }
  },
  "network": {
    "bytes_sent": 145478145,
    "bytes_recv": 47594952,
    "packets_sent": 257330,
    "packets_recv": 198388,
    "interfaces": {
      "lo": "127.0.0.1",
      "enp14s0": "192.168.29.69",
      "tailscale0": "100.109.201.94"
    }
  }
}