{
  "timestamp": "2025-04-01T13:30:57.681746",
  "status": "UP",
  "uptime": 2950,
  "cpu": {
    "percent": 9.2,
    "cores": 24,
    "per_core": [
      1.9,
      1.0,
      1.0,
      9.8,
      29.1,
      3.9,
      1.0,
      4.9,
      17.5,
      4.9,
      1.9,
      28.2,
      0.0,
      0.0,
      0.0,
      34.6,
      33.3,
      3.8,
      0.0,
      1.0,
      13.7,
      2.0,
      1.9,
      24.8
    ],
    "temperature": null,
    "load_avg": {
      "1min": 5.6953125,
      "5min": 6.17724609375,
      "15min": 8.9453125
    }
  },
  "memory": {
    "total": 30.53,
    "available": 8.63,
    "percent": 71.7,
    "swap_used": 9.1,
    "swap_total": 30.51
  },
  "disk": {
    "total": 91.11,
    "free": 38.28,
    "percent": 55.7,
    "io_counters": {
      "read_bytes": 161049199104,
      "write_bytes": 34000998912
    }
  },
  "network": {
    "bytes_sent": 60821568,
    "bytes_recv": 26482411,
    "packets_sent": 115526,
    "packets_recv": 105580,
    "interfaces": {
      "lo": "127.0.0.1",
      "enp14s0": "192.168.29.69",
      "tailscale0": "100.109.201.94"
    }
  }
}