{
  "timestamp": "2025-04-01T13:47:30.084194",
  "status": "UP",
  "uptime": 3943,
  "cpu": {
    "percent": 9.0,
    "cores": 24,
    "per_core": [
      2.9,
      0.8,
      1.2,
      18.1,
      22.2,
      5.9,
      1.3,
      2.0,
      13.5,
      4.9,
      1.5,
      27.0,
      2.4,
      0.8,
      1.0,
      27.1,
      29.6,
      3.9,
      0.9,
      1.3,
      8.3,
      3.0,
      1.0,
      38.5
    ],
    "temperature": null,
    "load_avg": {
      "1min": 8.05859375,
      "5min": 6.4443359375,
      "15min": 6.87353515625
    }
  },
  "memory": {
    "total": 30.53,
    "available": 8.32,
    "percent": 72.7,
    "swap_used": 8.99,
    "swap_total": 30.51
  },
  "disk": {
    "total": 91.11,
    "free": 38.28,
    "percent": 55.7,
    "io_counters": {
      "read_bytes": 167940483072,
      "write_bytes": 34084218880
    }
  },
  "network": {
    "bytes_sent": 124349186,
    "bytes_recv": 43647785,
    "packets_sent": 223045,
    "packets_recv": 178754,
    "interfaces": {
      "lo": "127.0.0.1",
      "enp14s0": "192.168.29.69",
      "tailscale0": "100.109.201.94"
    }
  }
}