{
  "timestamp": "2025-04-01T13:44:50.185837",
  "status": "UP",
  "uptime": 3783,
  "cpu": {
    "percent": 8.9,
    "cores": 24,
    "per_core": [
      2.8,
      1.1,
      1.4,
      18.6,
      22.6,
      5.7,
      1.3,
      2.0,
      15.1,
      4.5,
      1.1,
      24.2,
      2.3,
      1.0,
      1.0,
      18.1,
      28.4,
      4.0,
      0.6,
      0.8,
      8.4,
      2.8,
      0.8,
      47.8
    ],
    "temperature": null,
    "load_avg": {
      "1min": 9.75732421875,
      "5min": 6.25732421875,
      "15min": 6.94775390625
    }
  },
  "memory": {
    "total": 30.53,
    "available": 8.4,
    "percent": 72.5,
    "swap_used": 9.0,
    "swap_total": 30.51
  },
  "disk": {
    "total": 91.11,
    "free": 38.28,
    "percent": 55.7,
    "io_counters": {
      "read_bytes": 166859680768,
      "write_bytes": 34071239168
    }
  },
  "network": {
    "bytes_sent": 115405297,
    "bytes_recv": 41905413,
    "packets_sent": 206525,
    "packets_recv": 168060,
    "interfaces": {
      "lo": "127.0.0.1",
      "enp14s0": "192.168.29.69",
      "tailscale0": "100.109.201.94"
    }
  }
}