{
  "timestamp": "2025-04-01T14:08:20.879418",
  "status": "UP",
  "uptime": 5193,
  "cpu": {
    "percent": 8.6,
    "cores": 24,
    "per_core": [
      3.1,
      1.1,
      1.4,
      20.3,
      18.2,
      6.6,
      1.4,
      2.3,
      13.4,
      4.8,
      1.5,
      23.0,
      2.0,
      0.7,
      1.1,
      20.9,
      29.4,
      4.7,
      0.8,
      1.4,
      10.3,
      2.9,
      0.8,
      48.8
    ],
    "temperature": null,
    "load_avg": {
      "1min": 4.93896484375,
      "5min": 5.5654296875,
      "15min": 5.60302734375
    }
  },
  "memory": {
    "total": 30.53,
    "available": 11.67,
    "percent": 61.8,
    "swap_used": 11.8,
    "swap_total": 30.51
  },
  "disk": {
    "total": 91.11,
    "free": 38.28,
    "percent": 55.7,
    "io_counters": {
      "read_bytes": 176111737344,
      "write_bytes": 37398688768
    }
  },
  "network": {
    "bytes_sent": 158325622,
    "bytes_recv": 55685884,
    "packets_sent": 304501,
    "packets_recv": 242004,
    "interfaces": {
      "lo": "127.0.0.1",
      "enp14s0": "192.168.29.69",
      "tailscale0": "100.109.201.94"
    }
  }
}