{
  "timestamp": "2025-04-01T14:00:52.594610",
  "status": "UP",
  "uptime": 4745,
  "cpu": {
    "percent": 9.2,
    "cores": 24,
    "per_core": [
      2.3,
      0.8,
      1.0,
      17.4,
      20.5,
      4.7,
      1.5,
      2.6,
      16.5,
      6.4,
      1.8,
      24.4,
      1.8,
      0.7,
      0.9,
      22.2,
      29.2,
      3.4,
      1.0,
      1.5,
      10.8,
      3.1,
      1.0,
      42.6
    ],
    "temperature": null,
    "load_avg": {
      "1min": 5.68896484375,
      "5min": 4.71044921875,
      "15min": 5.52490234375
    }
  },
  "memory": {
    "total": 30.53,
    "available": 9.2,
    "percent": 69.9,
    "swap_used": 10.06,
    "swap_total": 30.51
  },
  "disk": {
    "total": 91.11,
    "free": 38.28,
    "percent": 55.7,
    "io_counters": {
      "read_bytes": 173248014848,
      "write_bytes": 35396830720
    }
  },
  "network": {
    "bytes_sent": 150867134,
    "bytes_recv": 51550158,
    "packets_sent": 280981,
    "packets_recv": 221078,
    "interfaces": {
      "lo": "127.0.0.1",
      "enp14s0": "192.168.29.69",
      "tailscale0": "100.109.201.94"
    }
  }
}