{
  "timestamp": "2025-04-01T14:29:09.066698",
  "status": "UP",
  "uptime": 6442,
  "cpu": {
    "percent": 9.1,
    "cores": 24,
    "per_core": [
      2.9,
      0.9,
      1.1,
      14.5,
      15.5,
      4.1,
      1.3,
      1.7,
      16.4,
      4.2,
      1.2,
      20.8,
      1.7,
      0.7,
      0.9,
      13.7,
      24.0,
      3.4,
      0.5,
      0.9,
      13.5,
      2.3,
      0.8,
      62.6
    ],
    "temperature": null,
    "load_avg": {
      "1min": 4.9287109375,
      "5min": 5.1025390625,
      "15min": 5.11083984375
    }
  },
  "memory": {
    "total": 30.53,
    "available": 16.12,
    "percent": 47.2,
    "swap_used": 16.78,
    "swap_total": 30.51
  },
  "disk": {
    "total": 91.11,
    "free": 38.28,
    "percent": 55.7,
    "io_counters": {
      "read_bytes": 184817987584,
      "write_bytes": 44908108800
    }
  },
  "network": {
    "bytes_sent": 258200353,
    "bytes_recv": 70184932,
    "packets_sent": 454325,
    "packets_recv": 328562,
    "interfaces": {
      "lo": "127.0.0.1",
      "enp14s0": "192.168.29.69",
      "tailscale0": "100.109.201.94"
    }
  }
}