{
  "timestamp": "2025-04-01T14:09:24.856531",
  "status": "UP",
  "uptime": 5257,
  "cpu": {
    "percent": 16.7,
    "cores": 24,
    "per_core": [
      9.3,
      3.8,
      5.0,
      25.9,
      24.5,
      16.7,
      4.4,
      9.4,
      23.5,
      17.6,
      5.4,
      27.2,
      10.4,
      3.6,
      5.5,
      43.2,
      46.9,
      19.5,
      3.8,
      8.6,
      33.0,
      16.3,
      6.6,
      54.1
    ],
    "temperature": null,
    "load_avg": {
      "1min": 4.11328125,
      "5min": 5.13671875,
      "15min": 5.4462890625
    }
  },
  "memory": {
    "total": 30.53,
    "available": 13.51,
    "percent": 55.8,
    "swap_used": 13.76,
    "swap_total": 30.51
  },
  "disk": {
    "total": 91.11,
    "free": 38.28,
    "percent": 55.7,
    "io_counters": {
      "read_bytes": 176732682752,
      "write_bytes": 41358275584
    }
  },
  "network": {
    "bytes_sent": 182939493,
    "bytes_recv": 56947852,
    "packets_sent": 324983,
    "packets_recv": 251834,
    "interfaces": {
      "lo": "127.0.0.1",
      "enp14s0": "192.168.29.69",
      "tailscale0": "100.109.201.94"
    }
  }
}