{
  "timestamp": "2025-04-01T13:48:34.006440",
  "status": "UP",
  "uptime": 4007,
  "cpu": {
    "percent": 9.0,
    "cores": 24,
    "per_core": [
      2.7,
      0.9,
      1.3,
      19.8,
      21.1,
      6.1,
      1.2,
      2.3,
      12.4,
      3.8,
      1.3,
      26.1,
      2.1,
      0.7,
      1.2,
      29.1,
      33.6,
      4.2,
      0.9,
      1.5,
      7.6,
      2.4,
      0.9,
      35.9
    ],
    "temperature": null,
    "load_avg": {
      "1min": 5.00537109375,
      "5min": 5.87158203125,
      "15min": 6.6455078125
    }
  },
  "memory": {
    "total": 30.53,
    "available": 8.31,
    "percent": 72.8,
    "swap_used": 8.98,
    "swap_total": 30.51
  },
  "disk": {
    "total": 91.11,
    "free": 38.28,
    "percent": 55.7,
    "io_counters": {
      "read_bytes": 168355866624,
      "write_bytes": 34088613888
    }
  },
  "network": {
    "bytes_sent": 128156407,
    "bytes_recv": 44467674,
    "packets_sent": 229641,
    "packets_recv": 182955,
    "interfaces": {
      "lo": "127.0.0.1",
      "enp14s0": "192.168.29.69",
      "tailscale0": "100.109.201.94"
    }
  }
}