{
  "timestamp": "2025-04-01T13:50:09.988608",
  "status": "UP",
  "uptime": 4102,
  "cpu": {
    "percent": 9.3,
    "cores": 24,
    "per_core": [
      2.6,
      1.1,
      1.4,
      17.7,
      18.6,
      6.2,
      1.3,
      1.7,
      11.5,
      3.9,
      1.0,
      26.0,
      1.9,
      0.8,
      0.9,
      22.6,
      33.6,
      4.2,
      1.0,
      0.8,
      7.1,
      2.4,
      0.8,
      38.2
    ],
    "temperature": null,
    "load_avg": {
      "1min": 5.75244140625,
      "5min": 5.90625,
      "15min": 6.58056640625
    }
  },
  "memory": {
    "total": 30.53,
    "available": 8.29,
    "percent": 72.8,
    "swap_used": 8.97,
    "swap_total": 30.51
  },
  "disk": {
    "total": 91.11,
    "free": 38.28,
    "percent": 55.7,
    "io_counters": {
      "read_bytes": 168994011136,
      "write_bytes": 34095499264
    }
  },
  "network": {
    "bytes_sent": 134636793,
    "bytes_recv": 46126380,
    "packets_sent": 240275,
    "packets_recv": 189658,
    "interfaces": {
      "lo": "127.0.0.1",
      "enp14s0": "192.168.29.69",
      "tailscale0": "100.109.201.94"
    }
  }
}