{
  "timestamp": "2025-04-01T13:38:58.490841",
  "status": "UP",
  "uptime": 3431,
  "cpu": {
    "percent": 9.1,
    "cores": 24,
    "per_core": [
      3.5,
      1.0,
      1.4,
      19.1,
      20.5,
      6.0,
      1.4,
      2.4,
      13.1,
      5.7,
      1.3,
      25.1,
      2.2,
      0.8,
      1.3,
      22.0,
      29.7,
      3.8,
      0.7,
      1.3,
      12.0,
      3.2,
      0.9,
      45.0
    ],
    "temperature": null,
    "load_avg": {
      "1min": 4.44091796875,
      "5min": 4.7880859375,
      "15min": 7.14306640625
    }
  },
  "memory": {
    "total": 30.53,
    "available": 8.61,
    "percent": 71.8,
    "swap_used": 9.04,
    "swap_total": 30.51
  },
  "disk": {
    "total": 91.11,
    "free": 38.28,
    "percent": 55.7,
    "io_counters": {
      "read_bytes": 164385082368,
      "write_bytes": 34043341824
    }
  },
  "network": {
    "bytes_sent": 91691566,
    "bytes_recv": 35482589,
    "packets_sent": 166831,
    "packets_recv": 141741,
    "interfaces": {
      "lo": "127.0.0.1",
      "enp14s0": "192.168.29.69",
      "tailscale0": "100.109.201.94"
    }
  }
}