{
  "timestamp": "2025-04-01T14:14:12.861100",
  "status": "UP",
  "uptime": 5545,
  "cpu": {
    "percent": 9.1,
    "cores": 24,
    "per_core": [
      3.0,
      1.2,
      1.8,
      19.7,
      21.8,
      6.4,
      1.4,
      2.1,
      13.2,
      3.5,
      1.3,
      23.7,
      2.1,
      0.9,
      1.1,
      27.1,
      26.7,
      4.4,
      0.7,
      1.5,
      7.3,
      2.6,
      1.1,
      42.8
    ],
    "temperature": null,
    "load_avg": {
      "1min": 4.5029296875,
      "5min": 4.89208984375,
      "15min": 5.24951171875
    }
  },
  "memory": {
    "total": 30.53,
    "available": 13.31,
    "percent": 56.4,
    "swap_used": 13.7,
    "swap_total": 30.51
  },
  "disk": {
    "total": 91.11,
    "free": 38.28,
    "percent": 55.7,
    "io_counters": {
      "read_bytes": 179112078336,
      "write_bytes": 41379439104
    }
  },
  "network": {
    "bytes_sent": 199875473,
    "bytes_recv": 60005440,
    "packets_sent": 355027,
    "packets_recv": 270800,
    "interfaces": {
      "lo": "127.0.0.1",
      "enp14s0": "192.168.29.69",
      "tailscale0": "100.109.201.94"
    }
  }
}