{
  "timestamp": "2025-04-01T14:03:32.467868",
  "status": "UP",
  "uptime": 4905,
  "cpu": {
    "percent": 9.3,
    "cores": 24,
    "per_core": [
      3.1,
      1.1,
      1.0,
      18.4,
      23.8,
      6.4,
      1.5,
      2.1,
      12.1,
      4.0,
      1.5,
      26.8,
      1.9,
      0.8,
      0.9,
      30.4,
      35.5,
      3.8,
      0.8,
      1.4,
      7.5,
      3.0,
      1.1,
      29.6
    ],
    "temperature": null,
    "load_avg": {
      "1min": 4.66552734375,
      "5min": 4.68310546875,
      "15min": 5.3828125
    }
  },
  "memory": {
    "total": 30.53,
    "available": 10.08,
    "percent": 67.0,
    "swap_used": 10.51,
    "swap_total": 30.51
  },
  "disk": {
    "total": 91.11,
    "free": 38.28,
    "percent": 55.7,
    "io_counters": {
      "read_bytes": 174261934592,
      "write_bytes": 35917648896
    }
  },
  "network": {
    "bytes_sent": 152589841,
    "bytes_recv": 52783582,
    "packets_sent": 288360,
    "packets_recv": 228085,
    "interfaces": {
      "lo": "127.0.0.1",
      "enp14s0": "192.168.29.69",
      "tailscale0": "100.109.201.94"
    }
  }
}