{
  "timestamp": "2025-04-01T14:05:40.686547",
  "status": "UP",
  "uptime": 5033,
  "cpu": {
    "percent": 9.0,
    "cores": 24,
    "per_core": [
      2.7,
      1.0,
      1.4,
      21.5,
      23.2,
      6.5,
      1.3,
      2.6,
      11.6,
      4.7,
      1.5,
      21.8,
      1.7,
      0.7,
      1.0,
      19.9,
      39.2,
      4.0,
      0.9,
      1.6,
      8.1,
      3.0,
      1.2,
      37.0
    ],
    "temperature": null,
    "load_avg": {
      "1min": 7.28466796875,
      "5min": 5.37548828125,
      "15min": 5.52880859375
    }
  },
  "memory": {
    "total": 30.53,
    "available": 10.82,
    "percent": 64.6,
    "swap_used": 11.15,
    "swap_total": 30.51
  },
  "disk": {
    "total": 91.11,
    "free": 38.28,
    "percent": 55.7,
    "io_counters": {
      "read_bytes": 175073286656,
      "write_bytes": 36630995968
    }
  },
  "network": {
    "bytes_sent": 154099095,
    "bytes_recv": 53850477,
    "packets_sent": 294074,
    "packets_recv": 233431,
    "interfaces": {
      "lo": "127.0.0.1",
      "enp14s0": "192.168.29.69",
      "tailscale0": "100.109.201.94"
    }
  }
}