{
  "timestamp": "2025-04-01T13:56:33.728519",
  "status": "UP",
  "uptime": 4486,
  "cpu": {
    "percent": 9.3,
    "cores": 24,
    "per_core": [
      2.7,
      1.2,
      1.3,
      25.8,
      26.3,
      6.1,
      1.2,
      2.4,
      13.6,
      5.5,
      1.4,
      25.3,
      1.7,
      0.9,
      0.9,
      21.0,
      25.9,
      4.3,
      0.8,
      1.2,
      9.2,
      2.4,
      1.0,
      40.0
    ],
    "temperature": null,
    "load_avg": {
      "1min": 3.40234375,
      "5min": 4.6181640625,
      "15min": 5.7763671875
    }
  },
  "memory": {
    "total": 30.53,
    "available": 8.07,
    "percent": 73.6,
    "swap_used": 8.94,
    "swap_total": 30.51
  },
  "disk": {
    "total": 91.11,
    "free": 38.28,
    "percent": 55.7,
    "io_counters": {
      "read_bytes": 171588893184,
      "write_bytes": 34133096448
    }
  },
  "network": {
    "bytes_sent": 148286831,
    "bytes_recv": 49745364,
    "packets_sent": 270002,
    "packets_recv": 210713,
    "interfaces": {
      "lo": "127.0.0.1",
      "enp14s0": "192.168.29.69",
      "tailscale0": "100.109.201.94"
    }
  }
}