{
  "timestamp": "2025-04-01T13:43:14.320074",
  "status": "UP",
  "uptime": 3687,
  "cpu": {
    "percent": 9.0,
    "cores": 24,
    "per_core": [
      3.2,
      1.2,
      1.2,
      18.6,
      21.7,
      6.1,
      1.0,
      1.7,
      9.6,
      3.6,
      1.0,
      23.6,
      2.1,
      1.0,
      1.3,
      20.1,
      28.0,
      4.5,
      0.7,
      1.1,
      8.1,
      2.1,
      0.8,
      46.9
    ],
    "temperature": null,
    "load_avg": {
      "1min": 3.68310546875,
      "5min": 4.705078125,
      "15min": 6.59326171875
    }
  },
  "memory": {
    "total": 30.53,
    "available": 8.45,
    "percent": 72.3,
    "swap_used": 9.01,
    "swap_total": 30.51
  },
  "disk": {
    "total": 91.11,
    "free": 38.28,
    "percent": 55.7,
    "io_counters": {
      "read_bytes": 166198819840,
      "write_bytes": 34063878656
    }
  },
  "network": {
    "bytes_sent": 109991375,
    "bytes_recv": 40759812,
    "packets_sent": 196253,
    "packets_recv": 161008,
    "interfaces": {
      "lo": "127.0.0.1",
      "enp14s0": "192.168.29.69",
      "tailscale0": "100.109.201.94"
    }
  }
}