{
  "timestamp": "2025-04-01T13:49:37.973879",
  "status": "UP",
  "uptime": 4070,
  "cpu": {
    "percent": 9.2,
    "cores": 24,
    "per_core": [
      2.6,
      1.0,
      1.3,
      17.2,
      22.7,
      5.8,
      1.3,
      2.2,
      13.1,
      5.2,
      1.3,
      25.9,
      2.0,
      0.8,
      1.3,
      26.3,
      23.7,
      4.2,
      0.7,
      1.4,
      11.8,
      2.8,
      1.0,
      44.3
    ],
    "temperature": null,
    "load_avg": {
      "1min": 4.9287109375,
      "5min": 5.7333984375,
      "15min": 6.55029296875
    }
  },
  "memory": {
    "total": 30.53,
    "available": 8.24,
    "percent": 73.0,
    "swap_used": 8.97,
    "swap_total": 30.51
  },
  "disk": {
    "total": 91.11,
    "free": 38.28,
    "percent": 55.7,
    "io_counters": {
      "read_bytes": 168798484480,
      "write_bytes": 34093271040
    }
  },
  "network": {
    "bytes_sent": 132528604,
    "bytes_recv": 45588729,
    "packets_sent": 236520,
    "packets_recv": 187153,
    "interfaces": {
      "lo": "127.0.0.1",
      "enp14s0": "192.168.29.69",
      "tailscale0": "100.109.201.94"
    }
  }
}