{
  "timestamp": "2025-04-01T13:58:10.025638",
  "status": "UP",
  "uptime": 4583,
  "cpu": {
    "percent": 8.6,
    "cores": 24,
    "per_core": [
      2.4,
      0.8,
      1.4,
      19.7,
      22.4,
      5.1,
      1.3,
      2.3,
      14.3,
      6.4,
      1.6,
      21.4,
      1.8,
      1.1,
      1.1,
      20.7,
      23.7,
      4.3,
      0.8,
      1.4,
      10.3,
      3.0,
      0.9,
      49.1
    ],
    "temperature": null,
    "load_avg": {
      "1min": 4.708984375,
      "5min": 4.8759765625,
      "15min": 5.7646484375
    }
  },
  "memory": {
    "total": 30.53,
    "available": 8.31,
    "percent": 72.8,
    "swap_used": 9.21,
    "swap_total": 30.51
  },
  "disk": {
    "total": 91.11,
    "free": 38.28,
    "percent": 55.7,
    "io_counters": {
      "read_bytes": 172209568256,
      "write_bytes": 34448848384
    }
  },
  "network": {
    "bytes_sent": 149285111,
    "bytes_recv": 50424778,
    "packets_sent": 274119,
    "packets_recv": 214577,
    "interfaces": {
      "lo": "127.0.0.1",
      "enp14s0": "192.168.29.69",
      "tailscale0": "100.109.201.94"
    }
  }
}