{
  "timestamp": "2025-04-01T13:45:54.180249",
  "status": "UP",
  "uptime": 3847,
  "cpu": {
    "percent": 8.8,
    "cores": 24,
    "per_core": [
      2.5,
      1.1,
      1.3,
      21.6,
      17.0,
      5.1,
      1.3,
      2.4,
      14.5,
      5.4,
      1.4,
      17.3,
      1.6,
      0.8,
      1.0,
      21.7,
      28.1,
      3.9,
      0.8,
      1.6,
      10.6,
      2.4,
      1.0,
      50.7
    ],
    "temperature": null,
    "load_avg": {
      "1min": 5.2548828125,
      "5min": 5.6865234375,
      "15min": 6.70654296875
    }
  },
  "memory": {
    "total": 30.53,
    "available": 8.27,
    "percent": 72.9,
    "swap_used": 9.0,
    "swap_total": 30.51
  },
  "disk": {
    "total": 91.11,
    "free": 38.28,
    "percent": 55.7,
    "io_counters": {
      "read_bytes": 167278517248,
      "write_bytes": 34076908032
    }
  },
  "network": {
    "bytes_sent": 119177720,
    "bytes_recv": 42629315,
    "packets_sent": 213388,
    "packets_recv": 172486,
    "interfaces": {
      "lo": "127.0.0.1",
      "enp14s0": "192.168.29.69",
      "tailscale0": "100.109.201.94"
    }
  }
}