{
  "timestamp": "2025-04-01T14:14:44.942459",
  "status": "UP",
  "uptime": 5577,
  "cpu": {
    "percent": 4.6,
    "cores": 24,
    "per_core": [
      2.7,
      1.1,
      1.3,
      18.0,
      21.5,
      6.1,
      1.3,
      1.8,
      12.4,
      4.5,
      1.2,
      20.0,
      1.7,
      0.8,
      0.9,
      24.3,
      26.3,
      3.0,
      0.6,
      1.3,
      8.9,
      2.7,
      1.0,
      45.9
    ],
    "temperature": null,
    "load_avg": {
      "1min": 4.15869140625,
      "5min": 4.798828125,
      "15min": 5.20654296875
    }
  },
  "memory": {
    "total": 30.53,
    "available": 13.29,
    "percent": 56.5,
    "swap_used": 13.7,
    "swap_total": 30.51
  },
  "disk": {
    "total": 91.11,
    "free": 38.28,
    "percent": 55.7,
    "io_counters": {
      "read_bytes": 179310701568,
      "write_bytes": 41381442048
    }
  },
  "network": {
    "bytes_sent": 201697149,
    "bytes_recv": 60331980,
    "packets_sent": 358290,
    "packets_recv": 272835,
    "interfaces": {
      "lo": "127.0.0.1",
      "enp14s0": "192.168.29.69",
      "tailscale0": "100.109.201.94"
    }
  }
}