{
  "timestamp": "2025-04-01T14:06:12.728390",
  "status": "UP",
  "uptime": 5065,
  "cpu": {
    "percent": 8.6,
    "cores": 24,
    "per_core": [
      3.3,
      1.1,
      1.1,
      16.6,
      25.2,
      5.5,
      1.3,
      2.6,
      13.8,
      4.3,
      1.2,
      24.0,
      2.1,
      0.9,
      1.0,
      19.4,
      27.0,
      3.9,
      0.8,
      1.2,
      9.6,
      3.0,
      1.0,
      47.5
    ],
    "temperature": null,
    "load_avg": {
      "1min": 6.53857421875,
      "5min": 5.3720703125,
      "15min": 5.52197265625
    }
  },
  "memory": {
    "total": 30.53,
    "available": 10.97,
    "percent": 64.1,
    "swap_used": 11.27,
    "swap_total": 30.51
  },
  "disk": {
    "total": 91.11,
    "free": 38.28,
    "percent": 55.7,
    "io_counters": {
      "read_bytes": 175279991296,
      "write_bytes": 36773532672
    }
  },
  "network": {
    "bytes_sent": 154656520,
    "bytes_recv": 54285591,
    "packets_sent": 295871,
    "packets_recv": 235134,
    "interfaces": {
      "lo": "127.0.0.1",
      "enp14s0": "192.168.29.69",
      "tailscale0": "100.109.201.94"
    }
  }
}