{
  "timestamp": "2025-04-01T13:35:46.300297",
  "status": "UP",
  "uptime": 3239,
  "cpu": {
    "percent": 9.1,
    "cores": 24,
    "per_core": [
      2.5,
      0.9,
      1.0,
      18.7,
      20.4,
      6.4,
      1.3,
      2.3,
      14.6,
      5.0,
      1.2,
      21.3,
      2.3,
      0.7,
      0.9,
      26.8,
      29.6,
      4.1,
      1.0,
      1.4,
      9.8,
      2.1,
      0.9,
      42.2
    ],
    "temperature": null,
    "load_avg": {
      "1min": 4.23388671875,
      "5min": 5.2080078125,
      "15min": 7.8056640625
    }
  },
  "memory": {
    "total": 30.53,
    "available": 8.83,
    "percent": 71.1,
    "swap_used": 9.07,
    "swap_total": 30.51
  },
  "disk": {
    "total": 91.11,
    "free": 38.28,
    "percent": 55.7,
    "io_counters": {
      "read_bytes": 162924880384,
      "write_bytes": 34025878528
    }
  },
  "network": {
    "bytes_sent": 73157461,
    "bytes_recv": 29465407,
    "packets_sent": 139591,
    "packets_recv": 122433,
    "interfaces": {
      "lo": "127.0.0.1",
      "enp14s0": "192.168.29.69",
      "tailscale0": "100.109.201.94"
    }
  }
}