{
  "timestamp": "2025-04-01T14:25:25.189826",
  "status": "UP",
  "uptime": 6218,
  "cpu": {
    "percent": 9.0,
    "cores": 24,
    "per_core": [
      3.1,
      1.2,
      1.3,
      20.6,
      19.4,
      6.3,
      1.1,
      2.0,
      15.4,
      5.2,
      1.3,
      25.5,
      2.4,
      0.9,
      1.5,
      24.7,
      20.5,
      4.3,
      0.6,
      0.9,
      8.8,
      3.0,
      0.8,
      48.4
    ],
    "temperature": null,
    "load_avg": {
      "1min": 5.06982421875,
      "5min": 5.21435546875,
      "15min": 5.1474609375
    }
  },
  "memory": {
    "total": 30.53,
    "available": 14.89,
    "percent": 51.2,
    "swap_used": 15.52,
    "swap_total": 30.51
  },
  "disk": {
    "total": 91.11,
    "free": 38.28,
    "percent": 55.7,
    "io_counters": {
      "read_bytes": 183397174272,
      "write_bytes": 43474783744
    }
  },
  "network": {
    "bytes_sent": 242091750,
    "bytes_recv": 67917775,
    "packets_sent": 427863,
    "packets_recv": 314623,
    "interfaces": {
      "lo": "127.0.0.1",
      "enp14s0": "192.168.29.69",
      "tailscale0": "100.109.201.94"
    }
  }
}