{
  "timestamp": "2025-04-01T13:59:16.420314",
  "status": "UP",
  "uptime": 4649,
  "cpu": {
    "percent": 4.5,
    "cores": 24,
    "per_core": [
      2.0,
      0.8,
      1.1,
      20.4,
      21.9,
      4.9,
      1.3,
      2.7,
      12.7,
      5.1,
      1.1,
      23.1,
      1.6,
      0.9,
      0.7,
      18.8,
      28.9,
      3.5,
      0.8,
      1.3,
      9.5,
      3.4,
      0.9,
      41.8
    ],
    "temperature": null,
    "load_avg": {
      "1min": 3.00341796875,
      "5min": 4.34033203125,
      "15min": 5.517578125
    }
  },
  "memory": {
    "total": 30.53,
    "available": 8.58,
    "percent": 71.9,
    "swap_used": 9.44,
    "swap_total": 30.51
  },
  "disk": {
    "total": 91.11,
    "free": 38.28,
    "percent": 55.7,
    "io_counters": {
      "read_bytes": 172623653376,
      "write_bytes": 34714371584
    }
  },
  "network": {
    "bytes_sent": 149921758,
    "bytes_recv": 50873879,
    "packets_sent": 276862,
    "packets_recv": 217169,
    "interfaces": {
      "lo": "127.0.0.1",
      "enp14s0": "192.168.29.69",
      "tailscale0": "100.109.201.94"
    }
  }
}