{
  "timestamp": "2025-04-01T14:27:33.065429",
  "status": "UP",
  "uptime": 6346,
  "cpu": {
    "percent": 9.2,
    "cores": 24,
    "per_core": [
      2.8,
      1.1,
      1.4,
      17.7,
      21.9,
      6.0,
      1.4,
      1.9,
      11.2,
      4.2,
      1.3,
      24.9,
      2.1,
      0.8,
      1.0,
      26.8,
      26.5,
      4.0,
      0.9,
      1.2,
      10.0,
      2.7,
      0.9,
      46.6
    ],
    "temperature": null,
    "load_avg": {
      "1min": 5.6611328125,
      "5min": 5.30322265625,
      "15min": 5.17578125
    }
  },
  "memory": {
    "total": 30.53,
    "available": 15.64,
    "percent": 48.8,
    "swap_used": 16.25,
    "swap_total": 30.51
  },
  "disk": {
    "total": 91.11,
    "free": 38.28,
    "percent": 55.7,
    "io_counters": {
      "read_bytes": 184201678848,
      "write_bytes": 44289149952
    }
  },
  "network": {
    "bytes_sent": 251576023,
    "bytes_recv": 69227396,
    "packets_sent": 443434,
    "packets_recv": 322644,
    "interfaces": {
      "lo": "127.0.0.1",
      "enp14s0": "192.168.29.69",
      "tailscale0": "100.109.201.94"
    }
  }
}