{
  "timestamp": "2025-04-01T14:06:44.862767",
  "status": "UP",
  "uptime": 5097,
  "cpu": {
    "percent": 8.8,
    "cores": 24,
    "per_core": [
      2.7,
      0.9,
      1.3,
      17.3,
      23.5,
      5.6,
      1.0,
      1.9,
      14.8,
      4.2,
      1.2,
      23.1,
      2.0,
      0.8,
      1.1,
      22.5,
      23.3,
      3.5,
      0.7,
      0.9,
      8.1,
      1.8,
      0.8,
      44.9
    ],
    "temperature": null,
    "load_avg": {
      "1min": 8.67431640625,
      "5min": 6.0029296875,
      "15min": 5.72607421875
    }
  },
  "memory": {
    "total": 30.53,
    "available": 11.22,
    "percent": 63.3,
    "swap_used": 11.54,
    "swap_total": 30.51
  },
  "disk": {
    "total": 91.11,
    "free": 38.28,
    "percent": 55.7,
    "io_counters": {
      "read_bytes": 175471217152,
      "write_bytes": 37083628544
    }
  },
  "network": {
    "bytes_sent": 155134947,
    "bytes_recv": 54647314,
    "packets_sent": 297522,
    "packets_recv": 236695,
    "interfaces": {
      "lo": "127.0.0.1",
      "enp14s0": "192.168.29.69",
      "tailscale0": "100.109.201.94"
    }
  }
}