{
  "timestamp": "2025-04-01T13:32:33.974783",
  "status": "UP",
  "uptime": 3046,
  "cpu": {
    "percent": 8.9,
    "cores": 24,
    "per_core": [
      2.9,
      1.0,
      1.2,
      19.9,
      19.9,
      4.5,
      1.1,
      1.7,
      11.7,
      3.9,
      1.4,
      22.8,
      2.0,
      0.9,
      1.2,
      20.5,
      23.3,
      3.5,
      0.5,
      0.7,
      7.0,
      1.2,
      0.6,
      56.8
    ],
    "temperature": null,
    "load_avg": {
      "1min": 5.4091796875,
      "5min": 5.9111328125,
      "15min": 8.56201171875
    }
  },
  "memory": {
    "total": 30.53,
    "available": 8.85,
    "percent": 71.0,
    "swap_used": 9.09,
    "swap_total": 30.51
  },
  "disk": {
    "total": 91.11,
    "free": 38.28,
    "percent": 55.7,
    "io_counters": {
      "read_bytes": 161677730304,
      "write_bytes": 34009142272
    }
  },
  "network": {
    "bytes_sent": 62268988,
    "bytes_recv": 27366254,
    "packets_sent": 120482,
    "packets_recv": 110433,
    "interfaces": {
      "lo": "127.0.0.1",
      "enp14s0": "192.168.29.69",
      "tailscale0": "100.109.201.94"
    }
  }
}