{
  "timestamp": "2025-04-01T14:16:20.963211",
  "status": "UP",
  "uptime": 5673,
  "cpu": {
    "percent": 8.9,
    "cores": 24,
    "per_core": [
      3.0,
      1.2,
      1.2,
      16.5,
      20.4,
      5.9,
      1.4,
      2.1,
      13.4,
      4.9,
      1.2,
      22.8,
      2.3,
      0.9,
      1.2,
      24.4,
      21.4,
      4.7,
      0.7,
      1.2,
      9.5,
      2.4,
      1.0,
      53.1
    ],
    "temperature": null,
    "load_avg": {
      "1min": 5.0166015625,
      "5min": 4.61572265625,
      "15min": 5.08251953125
    }
  },
  "memory": {
    "total": 30.53,
    "available": 13.31,
    "percent": 56.4,
    "swap_used": 13.68,
    "swap_total": 30.51
  },
  "disk": {
    "total": 91.11,
    "free": 38.28,
    "percent": 55.7,
    "io_counters": {
      "read_bytes": 179955428352,
      "write_bytes": 41388745216
    }
  },
  "network": {
    "bytes_sent": 206957232,
    "bytes_recv": 61317755,
    "packets_sent": 367919,
    "packets_recv": 278899,
    "interfaces": {
      "lo": "127.0.0.1",
      "enp14s0": "192.168.29.69",
      "tailscale0": "100.109.201.94"
    }
  }
}