{
  "timestamp": "2025-04-01T13:40:34.442731",
  "status": "UP",
  "uptime": 3527,
  "cpu": {
    "percent": 9.5,
    "cores": 24,
    "per_core": [
      3.1,
      0.7,
      1.1,
      16.7,
      20.1,
      6.6,
      1.2,
      2.1,
      13.0,
      4.7,
      1.3,
      26.0,
      2.0,
      0.8,
      1.2,
      30.7,
      26.5,
      3.6,
      0.8,
      1.4,
      10.4,
      2.6,
      0.7,
      42.6
    ],
    "temperature": null,
    "load_avg": {
      "1min": 5.2197265625,
      "5min": 5.14013671875,
      "15min": 7.0498046875
    }
  },
  "memory": {
    "total": 30.53,
    "available": 8.56,
    "percent": 72.0,
    "swap_used": 9.03,
    "swap_total": 30.51
  },
  "disk": {
    "total": 91.11,
    "free": 38.28,
    "percent": 55.7,
    "io_counters": {
      "read_bytes": 165089745920,
      "write_bytes": 34050694144
    }
  },
  "network": {
    "bytes_sent": 97756693,
    "bytes_recv": 36852855,
    "packets_sent": 177533,
    "packets_recv": 148682,
    "interfaces": {
      "lo": "127.0.0.1",
      "enp14s0": "192.168.29.69",
      "tailscale0": "100.109.201.94"
    }
  }
}