{
  "timestamp": "2025-04-01T14:20:04.947089",
  "status": "UP",
  "uptime": 5897,
  "cpu": {
    "percent": 7.1,
    "cores": 24,
    "per_core": [
      3.5,
      1.1,
      1.5,
      19.6,
      22.2,
      6.3,
      1.5,
      1.9,
      14.4,
      3.5,
      1.1,
      18.8,
      2.6,
      1.0,
      1.2,
      21.4,
      27.3,
      4.9,
      0.6,
      1.2,
      6.9,
      2.8,
      0.8,
      51.3
    ],
    "temperature": null,
    "load_avg": {
      "1min": 5.1630859375,
      "5min": 4.64208984375,
      "15min": 4.94970703125
    }
  },
  "memory": {
    "total": 30.53,
    "available": 13.28,
    "percent": 56.5,
    "swap_used": 13.78,
    "swap_total": 30.51
  },
  "disk": {
    "total": 91.11,
    "free": 38.28,
    "percent": 55.7,
    "io_counters": {
      "read_bytes": 181391100928,
      "write_bytes": 41545555968
    }
  },
  "network": {
    "bytes_sent": 220689306,
    "bytes_recv": 63937296,
    "packets_sent": 391947,
    "packets_recv": 293550,
    "interfaces": {
      "lo": "127.0.0.1",
      "enp14s0": "192.168.29.69",
      "tailscale0": "100.109.201.94"
    }
  }
}