{
  "timestamp": "2025-04-01T13:53:53.844399",
  "status": "UP",
  "uptime": 4326,
  "cpu": {
    "percent": 7.5,
    "cores": 24,
    "per_core": [
      2.7,
      0.9,
      1.3,
      17.0,
      19.4,
      5.1,
      1.6,
      3.0,
      14.7,
      5.4,
      1.7,
      26.2,
      2.0,
      0.8,
      0.9,
      19.5,
      33.0,
      3.3,
      1.0,
      1.8,
      13.3,
      3.4,
      1.1,
      39.1
    ],
    "temperature": null,
    "load_avg": {
      "1min": 5.091796875,
      "5min": 5.349609375,
      "15min": 6.1826171875
    }
  },
  "memory": {
    "total": 30.53,
    "available": 8.29,
    "percent": 72.9,
    "swap_used": 8.95,
    "swap_total": 30.51
  },
  "disk": {
    "total": 91.11,
    "free": 38.28,
    "percent": 55.7,
    "io_counters": {
      "read_bytes": 170517176320,
      "write_bytes": 34116923904
    }
  },
  "network": {
    "bytes_sent": 146362543,
    "bytes_recv": 48261221,
    "packets_sent": 261199,
    "packets_recv": 202159,
    "interfaces": {
      "lo": "127.0.0.1",
      "enp14s0": "192.168.29.69",
      "tailscale0": "100.109.201.94"
    }
  }
}