{
  "timestamp": "2025-04-01T14:22:45.138488",
  "status": "UP",
  "uptime": 6058,
  "cpu": {
    "percent": 9.0,
    "cores": 24,
    "per_core": [
      3.4,
      1.0,
      1.4,
      19.0,
      20.0,
      6.2,
      1.1,
      2.2,
      12.4,
      4.3,
      1.1,
      26.2,
      3.1,
      1.0,
      1.3,
      25.1,
      31.0,
      4.6,
      0.8,
      1.3,
      8.9,
      2.5,
      1.0,
      41.5
    ],
    "temperature": null,
    "load_avg": {
      "1min": 5.10595703125,
      "5min": 5.08251953125,
      "15min": 5.083984375
    }
  },
  "memory": {
    "total": 30.53,
    "available": 14.31,
    "percent": 53.1,
    "swap_used": 14.89,
    "swap_total": 30.51
  },
  "disk": {
    "total": 91.11,
    "free": 38.28,
    "percent": 55.7,
    "io_counters": {
      "read_bytes": 182394399744,
      "write_bytes": 42771947008
    }
  },
  "network": {
    "bytes_sent": 231828153,
    "bytes_recv": 66139927,
    "packets_sent": 410468,
    "packets_recv": 304546,
    "interfaces": {
      "lo": "127.0.0.1",
      "enp14s0": "192.168.29.69",
      "tailscale0": "100.109.201.94"
    }
  }
}