{
  "timestamp": "2025-04-01T13:43:46.276268",
  "status": "UP",
  "uptime": 3719,
  "cpu": {
    "percent": 9.0,
    "cores": 24,
    "per_core": [
      3.2,
      1.2,
      1.6,
      16.9,
      20.9,
      5.7,
      1.4,
      1.6,
      11.7,
      4.3,
      1.4,
      22.9,
      2.4,
      0.9,
      1.4,
      26.4,
      28.6,
      5.2,
      0.6,
      1.0,
      9.7,
      2.5,
      0.9,
      46.6
    ],
    "temperature": null,
    "load_avg": {
      "1min": 5.44091796875,
      "5min": 4.9970703125,
      "15min": 6.6279296875
    }
  },
  "memory": {
    "total": 30.53,
    "available": 8.44,
    "percent": 72.4,
    "swap_used": 9.01,
    "swap_total": 30.51
  },
  "disk": {
    "total": 91.11,
    "free": 38.28,
    "percent": 55.7,
    "io_counters": {
      "read_bytes": 166420745216,
      "write_bytes": 34066262528
    }
  },
  "network": {
    "bytes_sent": 111832878,
    "bytes_recv": 41180512,
    "packets_sent": 199866,
    "packets_recv": 163621,
    "interfaces": {
      "lo": "127.0.0.1",
      "enp14s0": "192.168.29.69",
      "tailscale0": "100.109.201.94"
    }
  }
}