{
  "timestamp": "2025-04-01T14:10:28.783500",
  "status": "UP",
  "uptime": 5321,
  "cpu": {
    "percent": 9.0,
    "cores": 24,
    "per_core": [
      4.2,
      1.4,
      1.9,
      20.5,
      20.7,
      7.7,
      1.6,
      2.8,
      16.9,
      7.1,
      2.2,
      23.2,
      3.4,
      1.3,
      1.6,
      22.4,
      34.7,
      7.4,
      1.4,
      3.0,
      14.8,
      6.6,
      1.6,
      50.4
    ],
    "temperature": null,
    "load_avg": {
      "1min": 4.61083984375,
      "5min": 5.01513671875,
      "15min": 5.37890625
    }
  },
  "memory": {
    "total": 30.53,
    "available": 13.45,
    "percent": 55.9,
    "swap_used": 13.75,
    "swap_total": 30.51
  },
  "disk": {
    "total": 91.11,
    "free": 38.28,
    "percent": 55.7,
    "io_counters": {
      "read_bytes": 177571326464,
      "write_bytes": 41362695168
    }
  },
  "network": {
    "bytes_sent": 186774140,
    "bytes_recv": 57624964,
    "packets_sent": 331704,
    "packets_recv": 256299,
    "interfaces": {
      "lo": "127.0.0.1",
      "enp14s0": "192.168.29.69",
      "tailscale0": "100.109.201.94"
    }
  }
}