{
  "timestamp": "2025-04-01T13:38:26.422758",
  "status": "UP",
  "uptime": 3399,
  "cpu": {
    "percent": 4.8,
    "cores": 24,
    "per_core": [
      3.3,
      1.0,
      1.2,
      19.0,
      19.7,
      4.3,
      1.2,
      1.9,
      12.7,
      5.2,
      1.4,
      22.2,
      1.8,
      0.8,
      1.2,
      20.9,
      33.7,
      3.3,
      1.0,
      1.5,
      7.9,
      2.7,
      0.9,
      38.3
    ],
    "temperature": null,
    "load_avg": {
      "1min": 4.232421875,
      "5min": 4.79833984375,
      "15min": 7.2373046875
    }
  },
  "memory": {
    "total": 30.53,
    "available": 8.6,
    "percent": 71.8,
    "swap_used": 9.04,
    "swap_total": 30.51
  },
  "disk": {
    "total": 91.11,
    "free": 38.28,
    "percent": 55.7,
    "io_counters": {
      "read_bytes": 164132822016,
      "write_bytes": 34040656384
    }
  },
  "network": {
    "bytes_sent": 88567623,
    "bytes_recv": 34508264,
    "packets_sent": 161503,
    "packets_recv": 138101,
    "interfaces": {
      "lo": "127.0.0.1",
      "enp14s0": "192.168.29.69",
      "tailscale0": "100.109.201.94"
    }
  }
}