{
  "timestamp": "2025-04-01T13:46:58.112339",
  "status": "UP",
  "uptime": 3911,
  "cpu": {
    "percent": 9.7,
    "cores": 24,
    "per_core": [
      3.2,
      1.1,
      1.2,
      19.3,
      21.5,
      5.4,
      1.3,
      2.3,
      13.6,
      5.0,
      1.8,
      24.8,
      1.7,
      0.9,
      0.9,
      21.4,
      29.2,
      3.9,
      0.7,
      1.3,
      10.0,
      2.9,
      0.9,
      43.3
    ],
    "temperature": null,
    "load_avg": {
      "1min": 7.78173828125,
      "5min": 6.2841796875,
      "15min": 6.845703125
    }
  },
  "memory": {
    "total": 30.53,
    "available": 8.31,
    "percent": 72.8,
    "swap_used": 8.99,
    "swap_total": 30.51
  },
  "disk": {
    "total": 91.11,
    "free": 38.28,
    "percent": 55.7,
    "io_counters": {
      "read_bytes": 167714839552,
      "write_bytes": 34081737216
    }
  },
  "network": {
    "bytes_sent": 122614559,
    "bytes_recv": 43299201,
    "packets_sent": 219765,
    "packets_recv": 176612,
    "interfaces": {
      "lo": "127.0.0.1",
      "enp14s0": "192.168.29.69",
      "tailscale0": "100.109.201.94"
    }
  }
}