{
  "timestamp": "2025-04-01T13:53:21.798206",
  "status": "UP",
  "uptime": 4294,
  "cpu": {
    "percent": 9.6,
    "cores": 24,
    "per_core": [
      2.9,
      1.0,
      1.5,
      19.9,
      21.8,
      6.4,
      1.4,
      2.4,
      12.0,
      4.5,
      1.3,
      19.3,
      1.9,
      1.0,
      1.1,
      19.4,
      31.3,
      4.6,
      0.7,
      1.1,
      8.7,
      3.0,
      0.7,
      50.8
    ],
    "temperature": null,
    "load_avg": {
      "1min": 5.55224609375,
      "5min": 5.4482421875,
      "15min": 6.24609375
    }
  },
  "memory": {
    "total": 30.53,
    "available": 8.17,
    "percent": 73.2,
    "swap_used": 8.96,
    "swap_total": 30.51
  },
  "disk": {
    "total": 91.11,
    "free": 38.28,
    "percent": 55.7,
    "io_counters": {
      "read_bytes": 170296059904,
      "write_bytes": 34113816064
    }
  },
  "network": {
    "bytes_sent": 145828173,
    "bytes_recv": 47852405,
    "packets_sent": 258804,
    "packets_recv": 199798,
    "interfaces": {
      "lo": "127.0.0.1",
      "enp14s0": "192.168.29.69",
      "tailscale0": "100.109.201.94"
    }
  }
}