{
  "timestamp": "2025-04-01T13:57:06.069741",
  "status": "UP",
  "uptime": 4519,
  "cpu": {
    "percent": 9.1,
    "cores": 24,
    "per_core": [
      2.4,
      0.8,
      1.1,
      16.1,
      17.8,
      4.8,
      1.1,
      2.4,
      11.4,
      4.2,
      1.7,
      21.7,
      1.9,
      0.9,
      0.8,
      22.8,
      41.4,
      3.4,
      0.9,
      1.2,
      7.5,
      3.2,
      1.0,
      37.3
    ],
    "temperature": null,
    "load_avg": {
      "1min": 4.80517578125,
      "5min": 4.89501953125,
      "15min": 5.83447265625
    }
  },
  "memory": {
    "total": 30.53,
    "available": 8.08,
    "percent": 73.5,
    "swap_used": 8.94,
    "swap_total": 30.51
  },
  "disk": {
    "total": 91.11,
    "free": 38.28,
    "percent": 55.7,
    "io_counters": {
      "read_bytes": 171784542720,
      "write_bytes": 34136397824
    }
  },
  "network": {
    "bytes_sent": 148602704,
    "bytes_recv": 49967955,
    "packets_sent": 271360,
    "packets_recv": 212008,
    "interfaces": {
      "lo": "127.0.0.1",
      "enp14s0": "192.168.29.69",
      "tailscale0": "100.109.201.94"
    }
  }
}