{
  "timestamp": "2025-04-01T14:03:00.468087",
  "status": "UP",
  "uptime": 4873,
  "cpu": {
    "percent": 8.8,
    "cores": 24,
    "per_core": [
      2.8,
      1.2,
      1.2,
      19.3,
      18.0,
      7.0,
      1.2,
      1.6,
      11.4,
      3.9,
      1.2,
      25.4,
      2.6,
      0.8,
      1.1,
      25.2,
      38.0,
      4.4,
      0.7,
      1.3,
      8.8,
      2.8,
      0.8,
      37.3
    ],
    "temperature": null,
    "load_avg": {
      "1min": 4.14404296875,
      "5min": 4.5693359375,
      "15min": 5.36962890625
    }
  },
  "memory": {
    "total": 30.53,
    "available": 9.89,
    "percent": 67.6,
    "swap_used": 10.38,
    "swap_total": 30.51
  },
  "disk": {
    "total": 91.11,
    "free": 38.28,
    "percent": 55.7,
    "io_counters": {
      "read_bytes": 174059088384,
      "write_bytes": 35765507072
    }
  },
  "network": {
    "bytes_sent": 152275591,
    "bytes_recv": 52561496,
    "packets_sent": 287046,
    "packets_recv": 226837,
    "interfaces": {
      "lo": "127.0.0.1",
      "enp14s0": "192.168.29.69",
      "tailscale0": "100.109.201.94"
    }
  }
}