{
  "timestamp": "2025-04-01T13:35:14.230779",
  "status": "UP",
  "uptime": 3207,
  "cpu": {
    "percent": 9.3,
    "cores": 24,
    "per_core": [
      2.7,
      0.9,
      1.2,
      21.3,
      21.8,
      5.7,
      1.5,
      2.5,
      12.4,
      5.2,
      1.5,
      28.0,
      1.8,
      0.6,
      0.8,
      25.0,
      32.0,
      3.1,
      1.0,
      1.5,
      9.2,
      3.1,
      0.9,
      34.5
    ],
    "temperature": null,
    "load_avg": {
      "1min": 5.3955078125,
      "5min": 5.49609375,
      "15min": 7.9814453125
    }
  },
  "memory": {
    "total": 30.53,
    "available": 8.83,
    "percent": 71.1,
    "swap_used": 9.07,
    "swap_total": 30.51
  },
  "disk": {
    "total": 91.11,
    "free": 38.28,
    "percent": 55.7,
    "io_counters": {
      "read_bytes": 162710589952,
      "write_bytes": 34023572480
    }
  },
  "network": {
    "bytes_sent": 71138069,
    "bytes_recv": 29142271,
    "packets_sent": 136196,
    "packets_recv": 120510,
    "interfaces": {
      "lo": "127.0.0.1",
      "enp14s0": "192.168.29.69",
      "tailscale0": "100.109.201.94"
    }
  }
}