{
  "timestamp": "2025-04-01T13:34:42.198866",
  "status": "UP",
  "uptime": 3175,
  "cpu": {
    "percent": 8.8,
    "cores": 24,
    "per_core": [
      3.0,
      1.0,
      1.2,
      24.0,
      20.7,
      5.4,
      1.2,
      1.9,
      14.1,
      3.7,
      1.2,
      27.1,
      2.7,
      1.1,
      1.3,
      21.2,
      23.7,
      4.9,
      0.9,
      1.3,
      10.0,
      2.6,
      0.9,
      44.3
    ],
    "temperature": null,
    "load_avg": {
      "1min": 3.5302734375,
      "5min": 5.2919921875,
      "15min": 8.01806640625
    }
  },
  "memory": {
    "total": 30.53,
    "available": 8.83,
    "percent": 71.1,
    "swap_used": 9.07,
    "swap_total": 30.51
  },
  "disk": {
    "total": 91.11,
    "free": 38.28,
    "percent": 55.7,
    "io_counters": {
      "read_bytes": 162501800448,
      "write_bytes": 34020836352
    }
  },
  "network": {
    "bytes_sent": 69399796,
    "bytes_recv": 28808961,
    "packets_sent": 132979,
    "packets_recv": 118441,
    "interfaces": {
      "lo": "127.0.0.1",
      "enp14s0": "192.168.29.69",
      "tailscale0": "100.109.201.94"
    }
  }
}