{
  "timestamp": "2025-04-01T14:11:32.778708",
  "status": "UP",
  "uptime": 5385,
  "cpu": {
    "percent": 9.1,
    "cores": 24,
    "per_core": [
      3.1,
      1.2,
      1.3,
      21.2,
      17.2,
      6.5,
      1.2,
      2.0,
      12.1,
      4.3,
      1.3,
      26.3,
      2.0,
      1.0,
      1.2,
      25.7,
      26.1,
      3.9,
      0.8,
      1.2,
      10.6,
      2.6,
      1.0,
      45.4
    ],
    "temperature": null,
    "load_avg": {
      "1min": 3.78564453125,
      "5min": 4.7431640625,
      "15min": 5.2626953125
    }
  },
  "memory": {
    "total": 30.53,
    "available": 13.43,
    "percent": 56.0,
    "swap_used": 13.74,
    "swap_total": 30.51
  },
  "disk": {
    "total": 91.11,
    "free": 38.28,
    "percent": 55.7,
    "io_counters": {
      "read_bytes": 178030758400,
      "write_bytes": 41367593984
    }
  },
  "network": {
    "bytes_sent": 190472074,
    "bytes_recv": 58336904,
    "packets_sent": 338372,
    "packets_recv": 260551,
    "interfaces": {
      "lo": "127.0.0.1",
      "enp14s0": "192.168.29.69",
      "tailscale0": "100.109.201.94"
    }
  }
}