{
  "timestamp": "2025-04-01T14:24:53.184841",
  "status": "UP",
  "uptime": 6186,
  "cpu": {
    "percent": 9.0,
    "cores": 24,
    "per_core": [
      3.1,
      1.2,
      1.6,
      20.1,
      19.7,
      6.6,
      0.9,
      1.4,
      12.4,
      3.8,
      0.9,
      23.3,
      1.9,
      1.2,
      1.3,
      20.1,
      24.0,
      5.2,
      0.5,
      0.8,
      9.7,
      2.2,
      0.5,
      54.9
    ],
    "temperature": null,
    "load_avg": {
      "1min": 4.0068359375,
      "5min": 5.021484375,
      "15min": 5.08349609375
    }
  },
  "memory": {
    "total": 30.53,
    "available": 14.91,
    "percent": 51.2,
    "swap_used": 15.49,
    "swap_total": 30.51
  },
  "disk": {
    "total": 91.11,
    "free": 38.28,
    "percent": 55.7,
    "io_counters": {
      "read_bytes": 183187500032,
      "write_bytes": 43433668096
    }
  },
  "network": {
    "bytes_sent": 239903423,
    "bytes_recv": 67464313,
    "packets_sent": 424152,
    "packets_recv": 312440,
    "interfaces": {
      "lo": "127.0.0.1",
      "enp14s0": "192.168.29.69",
      "tailscale0": "100.109.201.94"
    }
  }
}