{
  "timestamp": "2025-04-01T14:01:24.578206",
  "status": "UP",
  "uptime": 4777,
  "cpu": {
    "percent": 8.9,
    "cores": 24,
    "per_core": [
      3.0,
      1.2,
      1.3,
      17.6,
      18.6,
      6.2,
      1.1,
      2.0,
      16.6,
      5.4,
      1.3,
      26.0,
      2.0,
      0.9,
      0.9,
      14.6,
      22.2,
      4.1,
      0.8,
      1.4,
      13.1,
      2.4,
      0.7,
      53.1
    ],
    "temperature": null,
    "load_avg": {
      "1min": 4.52392578125,
      "5min": 4.5341796875,
      "15min": 5.435546875
    }
  },
  "memory": {
    "total": 30.53,
    "available": 9.25,
    "percent": 69.7,
    "swap_used": 10.11,
    "swap_total": 30.51
  },
  "disk": {
    "total": 91.11,
    "free": 38.28,
    "percent": 55.7,
    "io_counters": {
      "read_bytes": 173455178240,
      "write_bytes": 35457869312
    }
  },
  "network": {
    "bytes_sent": 151233277,
    "bytes_recv": 51782737,
    "packets_sent": 282386,
    "packets_recv": 222395,
    "interfaces": {
      "lo": "127.0.0.1",
      "enp14s0": "192.168.29.69",
      "tailscale0": "100.109.201.94"
    }
  }
}