{
  "timestamp": "2025-04-01T13:36:50.383913",
  "status": "UP",
  "uptime": 3303,
  "cpu": {
    "percent": 9.4,
    "cores": 24,
    "per_core": [
      3.3,
      1.0,
      1.0,
      20.1,
      24.4,
      5.2,
      1.3,
      2.4,
      12.4,
      4.5,
      1.3,
      28.3,
      1.9,
      0.8,
      1.0,
      19.5,
      28.8,
      3.6,
      0.8,
      1.3,
      9.5,
      2.8,
      0.8,
      40.4
    ],
    "temperature": null,
    "load_avg": {
      "1min": 4.79150390625,
      "5min": 5.130859375,
      "15min": 7.599609375
    }
  },
  "memory": {
    "total": 30.53,
    "available": 8.74,
    "percent": 71.4,
    "swap_used": 9.06,
    "swap_total": 30.51
  },
  "disk": {
    "total": 91.11,
    "free": 38.28,
    "percent": 55.7,
    "io_counters": {
      "read_bytes": 163353178624,
      "write_bytes": 34030302208
    }
  },
  "network": {
    "bytes_sent": 76783816,
    "bytes_recv": 30115752,
    "packets_sent": 145794,
    "packets_recv": 126175,
    "interfaces": {
      "lo": "127.0.0.1",
      "enp14s0": "192.168.29.69",
      "tailscale0": "100.109.201.94"
    }
  }
}