{
  "timestamp": "2025-04-01T14:30:13.149689",
  "status": "UP",
  "uptime": 6506,
  "cpu": {
    "percent": 8.8,
    "cores": 24,
    "per_core": [
      3.4,
      1.0,
      1.8,
      20.6,
      19.5,
      5.8,
      1.4,
      2.0,
      14.0,
      4.8,
      1.3,
      22.2,
      2.0,
      0.8,
      1.1,
      22.6,
      29.7,
      3.9,
      0.8,
      1.3,
      10.9,
      3.1,
      1.0,
      47.2
    ],
    "temperature": null,
    "load_avg": {
      "1min": 3.12646484375,
      "5min": 4.55078125,
      "15min": 4.91845703125
    }
  },
  "memory": {
    "total": 30.53,
    "available": 16.32,
    "percent": 46.6,
    "swap_used": 17.18,
    "swap_total": 30.51
  },
  "disk": {
    "total": 91.11,
    "free": 38.28,
    "percent": 55.7,
    "io_counters": {
      "read_bytes": 185254367232,
      "write_bytes": 45382056960
    }
  },
  "network": {
    "bytes_sent": 263168814,
    "bytes_recv": 70857689,
    "packets_sent": 462049,
    "packets_recv": 332470,
    "interfaces": {
      "lo": "127.0.0.1",
      "enp14s0": "192.168.29.69",
      "tailscale0": "100.109.201.94"
    }
  }
}