{
  "timestamp": "2025-04-01T14:15:48.925427",
  "status": "UP",
  "uptime": 5641,
  "cpu": {
    "percent": 8.9,
    "cores": 24,
    "per_core": [
      3.3,
      1.0,
      1.4,
      17.1,
      24.6,
      6.1,
      1.4,
      2.0,
      13.8,
      4.5,
      1.2,
      23.3,
      2.5,
      0.7,
      1.0,
      23.0,
      35.6,
      4.1,
      0.9,
      1.2,
      7.7,
      2.6,
      1.0,
      39.3
    ],
    "temperature": null,
    "load_avg": {
      "1min": 2.7568359375,
      "5min": 4.26171875,
      "15min": 4.9912109375
    }
  },
  "memory": {
    "total": 30.53,
    "available": 13.27,
    "percent": 56.5,
    "swap_used": 13.69,
    "swap_total": 30.51
  },
  "disk": {
    "total": 91.11,
    "free": 38.28,
    "percent": 55.7,
    "io_counters": {
      "read_bytes": 179742055424,
      "write_bytes": 41386394112
    }
  },
  "network": {
    "bytes_sent": 205165954,
    "bytes_recv": 60988863,
    "packets_sent": 364670,
    "packets_recv": 276871,
    "interfaces": {
      "lo": "127.0.0.1",
      "enp14s0": "192.168.29.69",
      "tailscale0": "100.109.201.94"
    }
  }
}