{
  "timestamp": "2025-04-01T14:17:24.918955",
  "status": "UP",
  "uptime": 5737,
  "cpu": {
    "percent": 9.0,
    "cores": 24,
    "per_core": [
      2.6,
      0.8,
      1.2,
      16.6,
      19.8,
      5.0,
      1.3,
      1.7,
      13.5,
      4.6,
      1.3,
      34.9,
      2.3,
      0.8,
      1.0,
      21.2,
      20.8,
      3.8,
      0.8,
      1.2,
      9.0,
      2.6,
      0.7,
      41.1
    ],
    "temperature": null,
    "load_avg": {
      "1min": 3.138671875,
      "5min": 4.14404296875,
      "15min": 4.88671875
    }
  },
  "memory": {
    "total": 30.53,
    "available": 13.27,
    "percent": 56.5,
    "swap_used": 13.67,
    "swap_total": 30.51
  },
  "disk": {
    "total": 91.11,
    "free": 38.28,
    "percent": 55.7,
    "io_counters": {
      "read_bytes": 180365814784,
      "write_bytes": 41394191360
    }
  },
  "network": {
    "bytes_sent": 210962890,
    "bytes_recv": 62032929,
    "packets_sent": 374845,
    "packets_recv": 283164,
    "interfaces": {
      "lo": "127.0.0.1",
      "enp14s0": "192.168.29.69",
      "tailscale0": "100.109.201.94"
    }
  }
}