{
  "timestamp": "2025-04-01T14:26:29.146358",
  "status": "UP",
  "uptime": 6282,
  "cpu": {
    "percent": 9.0,
    "cores": 24,
    "per_core": [
      3.4,
      1.1,
      1.1,
      17.3,
      18.0,
      6.0,
      1.6,
      2.1,
      10.6,
      4.8,
      1.1,
      29.3,
      1.8,
      0.9,
      0.9,
      26.7,
      26.2,
      3.7,
      1.0,
      1.5,
      10.4,
      2.7,
      1.0,
      36.9
    ],
    "temperature": null,
    "load_avg": {
      "1min": 3.77294921875,
      "5min": 4.8212890625,
      "15min": 5.01513671875
    }
  },
  "memory": {
    "total": 30.53,
    "available": 15.22,
    "percent": 50.2,
    "swap_used": 15.89,
    "swap_total": 30.51
  },
  "disk": {
    "total": 91.11,
    "free": 38.28,
    "percent": 55.7,
    "io_counters": {
      "read_bytes": 183791324160,
      "write_bytes": 43887832576
    }
  },
  "network": {
    "bytes_sent": 247476591,
    "bytes_recv": 68539108,
    "packets_sent": 436324,
    "packets_recv": 318395,
    "interfaces": {
      "lo": "127.0.0.1",
      "enp14s0": "192.168.29.69",
      "tailscale0": "100.109.201.94"
    }
  }
}