{
  "timestamp": "2025-04-01T13:52:17.923597",
  "status": "UP",
  "uptime": 4230,
  "cpu": {
    "percent": 6.3,
    "cores": 24,
    "per_core": [
      3.0,
      1.0,
      1.3,
      19.5,
      19.1,
      5.4,
      1.5,
      2.1,
      14.4,
      5.2,
      1.4,
      27.5,
      1.7,
      0.8,
      0.9,
      20.0,
      24.4,
      3.9,
      1.1,
      1.1,
      10.7,
      2.5,
      0.9,
      47.1
    ],
    "temperature": null,
    "load_avg": {
      "1min": 5.80029296875,
      "5min": 5.50537109375,
      "15min": 6.32568359375
    }
  },
  "memory": {
    "total": 30.53,
    "available": 8.21,
    "percent": 73.1,
    "swap_used": 8.96,
    "swap_total": 30.51
  },
  "disk": {
    "total": 91.11,
    "free": 38.28,
    "percent": 55.7,
    "io_counters": {
      "read_bytes": 169874847744,
      "write_bytes": 34107897856
    }
  },
  "network": {
    "bytes_sent": 145182354,
    "bytes_recv": 47385674,
    "packets_sent": 256066,
    "packets_recv": 197202,
    "interfaces": {
      "lo": "127.0.0.1",
      "enp14s0": "192.168.29.69",
      "tailscale0": "100.109.201.94"
    }
  }
}