{
  "timestamp": "2025-04-01T13:56:01.723896",
  "status": "UP",
  "uptime": 4454,
  "cpu": {
    "percent": 9.1,
    "cores": 24,
    "per_core": [
      3.1,
      1.2,
      1.9,
      17.8,
      22.8,
      5.7,
      1.2,
      2.3,
      14.4,
      4.7,
      1.5,
      21.2,
      1.9,
      0.9,
      1.3,
      26.7,
      24.7,
      3.5,
      0.8,
      1.1,
      10.2,
      2.7,
      1.1,
      44.2
    ],
    "temperature": null,
    "load_avg": {
      "1min": 4.3740234375,
      "5min": 4.9267578125,
      "15min": 5.91748046875
    }
  },
  "memory": {
    "total": 30.53,
    "available": 8.08,
    "percent": 73.5,
    "swap_used": 8.94,
    "swap_total": 30.51
  },
  "disk": {
    "total": 91.11,
    "free": 38.28,
    "percent": 55.7,
    "io_counters": {
      "read_bytes": 171367188480,
      "write_bytes": 34129857536
    }
  },
  "network": {
    "bytes_sent": 147791244,
    "bytes_recv": 49345600,
    "packets_sent": 267760,
    "packets_recv": 208506,
    "interfaces": {
      "lo": "127.0.0.1",
      "enp14s0": "192.168.29.69",
      "tailscale0": "100.109.201.94"
    }
  }
}