{
  "timestamp": "2025-04-01T13:54:57.806089",
  "status": "UP",
  "uptime": 4390,
  "cpu": {
    "percent": 7.4,
    "cores": 24,
    "per_core": [
      3.3,
      0.8,
      1.3,
      21.9,
      19.1,
      5.7,
      1.2,
      2.2,
      12.4,
      5.0,
      1.2,
      23.5,
      1.8,
      0.7,
      0.8,
      19.7,
      25.7,
      3.6,
      0.9,
      1.9,
      8.1,
      2.6,
      1.0,
      43.5
    ],
    "temperature": null,
    "load_avg": {
      "1min": 5.00537109375,
      "5min": 5.25830078125,
      "15min": 6.09619140625
    }
  },
  "memory": {
    "total": 30.53,
    "available": 8.07,
    "percent": 73.6,
    "swap_used": 8.95,
    "swap_total": 30.51
  },
  "disk": {
    "total": 91.11,
    "free": 38.28,
    "percent": 55.7,
    "io_counters": {
      "read_bytes": 170940069888,
      "write_bytes": 34123184128
    }
  },
  "network": {
    "bytes_sent": 147101389,
    "bytes_recv": 48831417,
    "packets_sent": 264650,
    "packets_recv": 205501,
    "interfaces": {
      "lo": "127.0.0.1",
      "enp14s0": "192.168.29.69",
      "tailscale0": "100.109.201.94"
    }
  }
}