{
  "timestamp": "2025-04-01T13:49:05.984956",
  "status": "UP",
  "uptime": 4038,
  "cpu": {
    "percent": 9.2,
    "cores": 24,
    "per_core": [
      2.9,
      0.9,
      1.1,
      19.2,
      17.4,
      5.4,
      1.4,
      2.4,
      17.4,
      5.8,
      1.3,
      27.9,
      2.0,
      0.9,
      0.9,
      23.5,
      27.5,
      3.8,
      1.0,
      1.2,
      8.5,
      2.9,
      1.1,
      42.3
    ],
    "temperature": null,
    "load_avg": {
      "1min": 5.44140625,
      "5min": 5.859375,
      "15min": 6.6142578125
    }
  },
  "memory": {
    "total": 30.53,
    "available": 8.31,
    "percent": 72.8,
    "swap_used": 8.98,
    "swap_total": 30.51
  },
  "disk": {
    "total": 91.11,
    "free": 38.28,
    "percent": 55.7,
    "io_counters": {
      "read_bytes": 168576366592,
      "write_bytes": 34090956800
    }
  },
  "network": {
    "bytes_sent": 130715537,
    "bytes_recv": 45259606,
    "packets_sent": 233264,
    "packets_recv": 185157,
    "interfaces": {
      "lo": "127.0.0.1",
      "enp14s0": "192.168.29.69",
      "tailscale0": "100.109.201.94"
    }
  }
}