{
  "timestamp": "2025-04-01T14:23:17.119468",
  "status": "UP",
  "uptime": 6090,
  "cpu": {
    "percent": 9.2,
    "cores": 24,
    "per_core": [
      3.5,
      1.1,
      1.5,
      21.8,
      19.8,
      6.1,
      1.2,
      1.5,
      15.7,
      4.3,
      1.0,
      26.5,
      2.0,
      1.1,
      1.1,
      16.6,
      27.8,
      3.5,
      0.8,
      1.1,
      11.9,
      3.2,
      0.7,
      45.8
    ],
    "temperature": null,
    "load_avg": {
      "1min": 7.25341796875,
      "5min": 5.56298828125,
      "15min": 5.24169921875
    }
  },
  "memory": {
    "total": 30.53,
    "available": 14.74,
    "percent": 51.7,
    "swap_used": 15.26,
    "swap_total": 30.51
  },
  "disk": {
    "total": 91.11,
    "free": 38.28,
    "percent": 55.7,
    "io_counters": {
      "read_bytes": 182591298560,
      "write_bytes": 43172097536
    }
  },
  "network": {
    "bytes_sent": 233890439,
    "bytes_recv": 66474950,
    "packets_sent": 413968,
    "packets_recv": 306560,
    "interfaces": {
      "lo": "127.0.0.1",
      "enp14s0": "192.168.29.69",
      "tailscale0": "100.109.201.94"
    }
  }
}