{
  "timestamp": "2025-04-01T14:19:32.874151",
  "status": "UP",
  "uptime": 5865,
  "cpu": {
    "percent": 9.1,
    "cores": 24,
    "per_core": [
      2.5,
      1.0,
      1.0,
      16.9,
      17.3,
      4.6,
      1.2,
      2.1,
      15.8,
      4.9,
      1.3,
      24.8,
      1.8,
      0.9,
      1.1,
      20.7,
      18.7,
      3.3,
      0.7,
      0.9,
      8.7,
      2.9,
      0.9,
      54.4
    ],
    "temperature": null,
    "load_avg": {
      "1min": 5.53271484375,
      "5min": 4.6201171875,
      "15min": 4.9541015625
    }
  },
  "memory": {
    "total": 30.53,
    "available": 13.18,
    "percent": 56.8,
    "swap_used": 13.66,
    "swap_total": 30.51
  },
  "disk": {
    "total": 91.11,
    "free": 38.28,
    "percent": 55.7,
    "io_counters": {
      "read_bytes": 181183015936,
      "write_bytes": 41403297792
    }
  },
  "network": {
    "bytes_sent": 218844745,
    "bytes_recv": 63607199,
    "packets_sent": 388636,
    "packets_recv": 291518,
    "interfaces": {
      "lo": "127.0.0.1",
      "enp14s0": "192.168.29.69",
      "tailscale0": "100.109.201.94"
    }
  }
}