{
  "timestamp": "2025-04-01T14:12:36.750885",
  "status": "UP",
  "uptime": 5449,
  "cpu": {
    "percent": 9.3,
    "cores": 24,
    "per_core": [
      2.7,
      0.9,
      1.3,
      18.1,
      22.3,
      5.3,
      1.4,
      1.7,
      9.8,
      4.2,
      1.3,
      33.6,
      1.9,
      0.8,
      1.0,
      26.8,
      26.0,
      3.8,
      0.6,
      0.9,
      8.7,
      2.3,
      0.9,
      32.2
    ],
    "temperature": null,
    "load_avg": {
      "1min": 3.93701171875,
      "5min": 4.71533203125,
      "15min": 5.22412109375
    }
  },
  "memory": {
    "total": 30.53,
    "available": 13.43,
    "percent": 56.0,
    "swap_used": 13.73,
    "swap_total": 30.51
  },
  "disk": {
    "total": 91.11,
    "free": 38.28,
    "percent": 55.7,
    "io_counters": {
      "read_bytes": 178453232640,
      "write_bytes": 41372262912
    }
  },
  "network": {
    "bytes_sent": 194434228,
    "bytes_recv": 58994991,
    "packets_sent": 345169,
    "packets_recv": 264593,
    "interfaces": {
      "lo": "127.0.0.1",
      "enp14s0": "192.168.29.69",
      "tailscale0": "100.109.201.94"
    }
  }
}