{
  "timestamp": "2025-04-01T14:23:49.137637",
  "status": "UP",
  "uptime": 6122,
  "cpu": {
    "percent": 8.7,
    "cores": 24,
    "per_core": [
      3.4,
      1.0,
      1.8,
      17.5,
      25.0,
      6.0,
      1.1,
      1.6,
      12.8,
      3.6,
      1.0,
      23.4,
      2.2,
      1.0,
      1.3,
      24.9,
      20.7,
      3.6,
      0.7,
      1.1,
      7.1,
      2.6,
      0.8,
      53.9
    ],
    "temperature": null,
    "load_avg": {
      "1min": 6.17626953125,
      "5min": 5.4443359375,
      "15min": 5.21142578125
    }
  },
  "memory": {
    "total": 30.53,
    "available": 14.72,
    "percent": 51.8,
    "swap_used": 15.26,
    "swap_total": 30.51
  },
  "disk": {
    "total": 91.11,
    "free": 38.28,
    "percent": 55.7,
    "io_counters": {
      "read_bytes": 182799961088,
      "write_bytes": 43174252032
    }
  },
  "network": {
    "bytes_sent": 236047081,
    "bytes_recv": 66836952,
    "packets_sent": 417523,
    "packets_recv": 308591,
    "interfaces": {
      "lo": "127.0.0.1",
      "enp14s0": "192.168.29.69",
      "tailscale0": "100.109.201.94"
    }
  }
}