{
  "timestamp": "2025-04-01T14:28:05.100234",
  "status": "UP",
  "uptime": 6378,
  "cpu": {
    "percent": 9.1,
    "cores": 24,
    "per_core": [
      4.2,
      1.0,
      1.3,
      18.2,
      21.6,
      5.3,
      1.3,
      2.2,
      16.1,
      4.7,
      1.3,
      23.6,
      1.8,
      0.8,
      1.1,
      20.1,
      21.2,
      4.4,
      0.9,
      1.2,
      10.2,
      2.4,
      0.9,
      53.4
    ],
    "temperature": null,
    "load_avg": {
      "1min": 5.28125,
      "5min": 5.2138671875,
      "15min": 5.14794921875
    }
  },
  "memory": {
    "total": 30.53,
    "available": 15.83,
    "percent": 48.2,
    "swap_used": 16.43,
    "swap_total": 30.51
  },
  "disk": {
    "total": 91.11,
    "free": 38.28,
    "percent": 55.7,
    "io_counters": {
      "read_bytes": 184406044672,
      "write_bytes": 44491676672
    }
  },
  "network": {
    "bytes_sent": 253476814,
    "bytes_recv": 69550274,
    "packets_sent": 446734,
    "packets_recv": 324629,
    "interfaces": {
      "lo": "127.0.0.1",
      "enp14s0": "192.168.29.69",
      "tailscale0": "100.109.201.94"
    }
  }
}