{
  "timestamp": "2025-04-01T14:16:52.909869",
  "status": "UP",
  "uptime": 5705,
  "cpu": {
    "percent": 9.0,
    "cores": 24,
    "per_core": [
      2.9,
      1.1,
      1.3,
      19.6,
      19.4,
      5.4,
      1.1,
      1.9,
      12.7,
      5.1,
      1.3,
      26.3,
      1.9,
      1.1,
      1.3,
      21.9,
      19.2,
      3.7,
      0.7,
      1.2,
      8.0,
      2.4,
      0.8,
      57.5
    ],
    "temperature": null,
    "load_avg": {
      "1min": 3.9326171875,
      "5min": 4.39501953125,
      "15min": 4.99365234375
    }
  },
  "memory": {
    "total": 30.53,
    "available": 13.27,
    "percent": 56.6,
    "swap_used": 13.68,
    "swap_total": 30.51
  },
  "disk": {
    "total": 91.11,
    "free": 38.28,
    "percent": 55.7,
    "io_counters": {
      "read_bytes": 180170734592,
      "write_bytes": 41391366656
    }
  },
  "network": {
    "bytes_sent": 209023334,
    "bytes_recv": 61668540,
    "packets_sent": 371566,
    "packets_recv": 281105,
    "interfaces": {
      "lo": "127.0.0.1",
      "enp14s0": "192.168.29.69",
      "tailscale0": "100.109.201.94"
    }
  }
}