{
  "timestamp": "2025-04-01T13:57:38.078502",
  "status": "UP",
  "uptime": 4551,
  "cpu": {
    "percent": 9.7,
    "cores": 24,
    "per_core": [
      3.1,
      1.1,
      1.2,
      21.8,
      20.3,
      7.1,
      1.2,
      1.9,
      14.2,
      4.1,
      1.1,
      22.4,
      2.3,
      0.9,
      1.0,
      23.5,
      27.0,
      4.3,
      0.8,
      1.2,
      8.7,
      2.3,
      0.9,
      46.0
    ],
    "temperature": null,
    "load_avg": {
      "1min": 4.76123046875,
      "5min": 4.8984375,
      "15min": 5.80615234375
    }
  },
  "memory": {
    "total": 30.53,
    "available": 8.06,
    "percent": 73.6,
    "swap_used": 8.96,
    "swap_total": 30.51
  },
  "disk": {
    "total": 91.11,
    "free": 38.28,
    "percent": 55.7,
    "io_counters": {
      "read_bytes": 171998681600,
      "write_bytes": 34160272896
    }
  },
  "network": {
    "bytes_sent": 148914491,
    "bytes_recv": 50198664,
    "packets_sent": 272725,
    "packets_recv": 213294,
    "interfaces": {
      "lo": "127.0.0.1",
      "enp14s0": "192.168.29.69",
      "tailscale0": "100.109.201.94"
    }
  }
}