{
  "timestamp": "2025-04-01T14:05:08.632614",
  "status": "UP",
  "uptime": 5001,
  "cpu": {
    "percent": 9.1,
    "cores": 24,
    "per_core": [
      3.1,
      0.9,
      1.5,
      16.1,
      21.0,
      6.1,
      1.3,
      1.9,
      13.8,
      4.1,
      1.4,
      27.8,
      1.9,
      0.9,
      0.9,
      24.2,
      29.3,
      4.5,
      0.8,
      1.2,
      10.5,
      2.1,
      0.7,
      42.8
    ],
    "temperature": null,
    "load_avg": {
      "1min": 4.58203125,
      "5min": 4.7861328125,
      "15min": 5.35302734375
    }
  },
  "memory": {
    "total": 30.53,
    "available": 10.6,
    "percent": 65.3,
    "swap_used": 10.9,
    "swap_total": 30.51
  },
  "disk": {
    "total": 91.11,
    "free": 38.28,
    "percent": 55.7,
    "io_counters": {
      "read_bytes": 174863997440,
      "write_bytes": 36350428160
    }
  },
  "network": {
    "bytes_sent": 153740489,
    "bytes_recv": 53586758,
    "packets_sent": 292587,
    "packets_recv": 232029,
    "interfaces": {
      "lo": "127.0.0.1",
      "enp14s0": "192.168.29.69",
      "tailscale0": "100.109.201.94"
    }
  }
}