{
  "timestamp": "2025-04-01T14:01:56.535198",
  "status": "UP",
  "uptime": 4809,
  "cpu": {
    "percent": 8.8,
    "cores": 24,
    "per_core": [
      2.7,
      1.1,
      1.1,
      17.2,
      19.7,
      5.3,
      1.3,
      2.0,
      15.1,
      4.5,
      1.1,
      24.2,
      2.4,
      0.8,
      1.0,
      22.3,
      17.6,
      3.5,
      0.7,
      1.3,
      8.0,
      2.8,
      0.8,
      51.5
    ],
    "temperature": null,
    "load_avg": {
      "1min": 5.02685546875,
      "5min": 4.669921875,
      "15min": 5.4521484375
    }
  },
  "memory": {
    "total": 30.53,
    "available": 9.45,
    "percent": 69.0,
    "swap_used": 10.18,
    "swap_total": 30.51
  },
  "disk": {
    "total": 91.11,
    "free": 38.28,
    "percent": 55.7,
    "io_counters": {
      "read_bytes": 173647358464,
      "write_bytes": 35543709184
    }
  },
  "network": {
    "bytes_sent": 151533385,
    "bytes_recv": 52008180,
    "packets_sent": 283662,
    "packets_recv": 223596,
    "interfaces": {
      "lo": "127.0.0.1",
      "enp14s0": "192.168.29.69",
      "tailscale0": "100.109.201.94"
    }
  }
}