{
  "timestamp": "2025-04-01T14:25:57.151174",
  "status": "UP",
  "uptime": 6250,
  "cpu": {
    "percent": 9.5,
    "cores": 24,
    "per_core": [
      2.9,
      0.9,
      1.3,
      18.7,
      23.1,
      6.2,
      1.2,
      1.8,
      12.9,
      4.3,
      1.1,
      22.9,
      1.9,
      0.9,
      1.1,
      21.4,
      28.5,
      3.7,
      0.8,
      1.3,
      12.0,
      3.0,
      0.9,
      47.0
    ],
    "temperature": null,
    "load_avg": {
      "1min": 3.921875,
      "5min": 4.92138671875,
      "15min": 5.05126953125
    }
  },
  "memory": {
    "total": 30.53,
    "available": 15.0,
    "percent": 50.9,
    "swap_used": 15.69,
    "swap_total": 30.51
  },
  "disk": {
    "total": 91.11,
    "free": 38.28,
    "percent": 55.7,
    "io_counters": {
      "read_bytes": 183605632000,
      "write_bytes": 43666812416
    }
  },
  "network": {
    "bytes_sent": 245038611,
    "bytes_recv": 68236569,
    "packets_sent": 432392,
    "packets_recv": 316545,
    "interfaces": {
      "lo": "127.0.0.1",
      "enp14s0": "192.168.29.69",
      "tailscale0": "100.109.201.94"
    }
  }
}