{
  "timestamp": "2025-04-01T14:07:16.848862",
  "status": "UP",
  "uptime": 5129,
  "cpu": {
    "percent": 9.5,
    "cores": 24,
    "per_core": [
      3.5,
      1.5,
      1.3,
      20.1,
      20.5,
      7.6,
      1.4,
      2.4,
      12.7,
      4.9,
      1.6,
      22.6,
      2.6,
      1.0,
      0.9,
      25.2,
      27.6,
      4.4,
      0.8,
      1.4,
      9.0,
      2.7,
      1.2,
      43.6
    ],
    "temperature": null,
    "load_avg": {
      "1min": 7.36083984375,
      "5min": 5.951171875,
      "15min": 5.7177734375
    }
  },
  "memory": {
    "total": 30.53,
    "available": 11.34,
    "percent": 62.9,
    "swap_used": 11.69,
    "swap_total": 30.51
  },
  "disk": {
    "total": 91.11,
    "free": 38.28,
    "percent": 55.7,
    "io_counters": {
      "read_bytes": 175683545600,
      "write_bytes": 37248185344
    }
  },
  "network": {
    "bytes_sent": 155487761,
    "bytes_recv": 54916501,
    "packets_sent": 298976,
    "packets_recv": 238099,
    "interfaces": {
      "lo": "127.0.0.1",
      "enp14s0": "192.168.29.69",
      "tailscale0": "100.109.201.94"
    }
  }
}