{
  "timestamp": "2025-04-01T14:15:16.890851",
  "status": "UP",
  "uptime": 5609,
  "cpu": {
    "percent": 9.1,
    "cores": 24,
    "per_core": [
      2.8,
      1.0,
      1.2,
      20.8,
      20.3,
      5.9,
      1.1,
      2.2,
      15.8,
      5.3,
      1.6,
      21.1,
      1.9,
      0.8,
      1.0,
      18.4,
      23.9,
      3.9,
      0.8,
      1.2,
      9.5,
      3.1,
      0.8,
      52.3
    ],
    "temperature": null,
    "load_avg": {
      "1min": 3.35986328125,
      "5min": 4.544921875,
      "15min": 5.1083984375
    }
  },
  "memory": {
    "total": 30.53,
    "available": 13.27,
    "percent": 56.5,
    "swap_used": 13.69,
    "swap_total": 30.51
  },
  "disk": {
    "total": 91.11,
    "free": 38.28,
    "percent": 55.7,
    "io_counters": {
      "read_bytes": 179525938176,
      "write_bytes": 41383985664
    }
  },
  "network": {
    "bytes_sent": 203415675,
    "bytes_recv": 60656181,
    "packets_sent": 361435,
    "packets_recv": 274837,
    "interfaces": {
      "lo": "127.0.0.1",
      "enp14s0": "192.168.29.69",
      "tailscale0": "100.109.201.94"
    }
  }
}