{
  "timestamp": "2025-04-01T14:29:41.069174",
  "status": "UP",
  "uptime": 6474,
  "cpu": {
    "percent": 9.2,
    "cores": 24,
    "per_core": [
      3.1,
      1.2,
      1.2,
      20.6,
      24.0,
      5.6,
      1.4,
      1.9,
      14.7,
      5.2,
      1.3,
      23.6,
      1.9,
      0.8,
      0.9,
      17.7,
      19.7,
      4.2,
      0.9,
      1.4,
      12.0,
      3.1,
      0.9,
      51.4
    ],
    "temperature": null,
    "load_avg": {
      "1min": 3.86083984375,
      "5min": 4.82177734375,
      "15min": 5.015625
    }
  },
  "memory": {
    "total": 30.53,
    "available": 16.23,
    "percent": 46.8,
    "swap_used": 16.94,
    "swap_total": 30.51
  },
  "disk": {
    "total": 91.11,
    "free": 38.28,
    "percent": 55.7,
    "io_counters": {
      "read_bytes": 185044537344,
      "write_bytes": 45105531904
    }
  },
  "network": {
    "bytes_sent": 261029790,
    "bytes_recv": 70537528,
    "packets_sent": 458577,
    "packets_recv": 330518,
    "interfaces": {
      "lo": "127.0.0.1",
      "enp14s0": "192.168.29.69",
      "tailscale0": "100.109.201.94"
    }
  }
}